fips,year,county,jud_district,medianHI,medianHI_MOE,povertyR,yfips,state,county_name,total_pop,total_pop_15to64,female_pop_15to64,male_pop_15to64,asian_pop_15to64,black_pop_15to64,latino_pop_15to64,native_pop_15to64,other_pop_15to64,white_pop_15to64,urbanicity,region,division,commuting_zone,metro_area,land_area,total_jail_adm,total_jail_adm_dcrp,female_jail_adm_dcrp,male_jail_adm_dcrp,total_jail_pop,female_jail_pop,male_jail_pop,asian_jail_pop,black_jail_pop,latino_jail_pop,native_jail_pop,white_jail_pop,total_jail_pretrial,female_jail_pretrial,male_jail_pretrial,jail_from_state_prison,jail_from_other_state_prison,jail_from_state_jail,jail_from_other_state_jail,jail_from_fed,jail_from_ice,total_jail_pop_dcrp,female_jail_pop_dcrp,male_jail_pop_dcrp,total_prison_pop,female_prison_pop,male_prison_pop,asian_prison_pop,black_prison_pop,latino_prison_pop,native_prison_pop,other_prison_pop,white_prison_pop,total_prison_adm,female_prison_adm,male_prison_adm,asian_prison_adm,black_prison_adm,latino_prison_adm,native_prison_adm,other_prison_adm,white_prison_adm,num_facilites,num_employees,confined_pop,capacity,ucr_population,index_crime,violent_crime,property_crime,murder_crime,rape_crime,robbery_crime,agr_assault_crime,burglary_crime,larceny_crime,mv_theft_crime,arson_crime
8001,2014,Adams,17,59316,1982,12.9,201408001,CO,Adams County,469377,314230,154732,159498,13431,10443,115744,2370,NA,172242,suburban,West,Mountain,5,19740,1167.272,15955.71,NA,NA,NA,1025,166,861,4,112,828,5,987,518,61,533,126,6,34,2,68,67,NA,NA,NA,1935,153,1782,NA,296,NA,NA,0,790,871,103,768,NA,153,NA,NA,0,360,1,0,205,226,478569,15561,1639,13922,17,357,267,998,1984,10180,1650,108
8001,2015,Adams,17,62991,1881,12.8,201508001,CO,Adams County,479488,321286,157734,163552,14078,10893,119695,2407,NA,174213,suburban,West,Mountain,5,19740,1167.272,16310,NA,NA,NA,941,119,760,7,89,828,5,987,404,61,533,106,6,14,2,4,0,NA,NA,NA,1792,144,1648,NA,249,NA,NA,0,753,866,112,754,NA,133,NA,NA,0,350,1,0,205,226,NA,NA,NA,NA,NA,NA,NA,NA,NA,NA,NA,NA
8001,2016,Adams,17,65442,2165,11.7,201608001,CO,Adams County,489822,328457,160960,167497,14687,11298,124285,2476,NA,175711,suburban,West,Mountain,5,19740,1167.272,NA,NA,NA,NA,NA,NA,NA,NA,NA,NA,NA,NA,NA,NA,NA,NA,NA,NA,NA,NA,NA,NA,NA,NA,NA,NA,NA,NA,NA,NA,NA,NA,NA,NA,NA,NA,NA,NA,NA,NA,NA,NA,1,0,205,226,NA,NA,NA,NA,NA,NA,NA,NA,NA,NA,NA,NA
8003,2014,Alamosa,12,38140,3801,22.5,201408003,CO,Alamosa County,16200,10946,5413,5533,124,201,4884,149,NA,5588,rural,West,Mountain,264,NA,722.577,1159,NA,NA,NA,90,14,54,0,1,4,0,62,47,0,0,0,0,0,0,0,0,NA,NA,NA,103,16,87,FALSE,NA,NA,NA,6,43,66,12,54,FALSE,NA,NA,NA,4,17,1,41,132,154,6799,95,0,95,0,0,0,0,4,89,1,1
8003,2015,Alamosa,12,40067,4003,24,201508003,CO,Alamosa County,16213,10891,5378,5513,136,216,4912,157,NA,5470,rural,West,Mountain,264,NA,722.577,1159,NA,NA,NA,90,14,54,0,1,4,0,62,47,0,0,0,0,0,0,0,0,NA,NA,NA,96,16,80,FALSE,5,NA,NA,2,35,70,12,58,FALSE,4,NA,FALSE,0,21,1,41,132,154,NA,NA,NA,NA,NA,NA,NA,NA,NA,NA,NA,NA
8003,2016,Alamosa,12,37057,3598,24.8,201608003,CO,Alamosa County,16305,10892,5429,5463,127,227,4951,154,NA,5433,rural,West,Mountain,264,NA,722.577,NA,NA,NA,NA,NA,NA,NA,NA,NA,NA,NA,NA,NA,NA,NA,NA,NA,NA,NA,NA,NA,NA,NA,NA,NA,NA,NA,NA,NA,NA,NA,NA,NA,NA,NA,NA,NA,NA,NA,NA,NA,NA,1,41,132,154,NA,NA,NA,NA,NA,NA,NA,NA,NA,NA,NA,NA
8005,2014,Arapahoe,18,65359,1878,11.2,201408005,CO,Arapahoe County,606839,412708,209040,203668,25704,46110,72702,2296,NA,265896,suburban,West,Mountain,5,19740,797.932,18875.71,NA,NA,NA,1052,194,947,8,378,75,6,666,706,67,544,16,4,7,4,62,57,NA,NA,NA,2042,200,1842,NA,801,NA,NA,0,798,950,125,825,NA,349,NA,NA,0,385,4,345,1366,916,618948,17437,1807,15630,10,355,446,996,2783,11231,1497,119
8005,2015,Arapahoe,18,67062,1540,9.2,201508005,CO,Arapahoe County,617385,418556,211151,207405,26696,47593,74855,2335,NA,267077,suburban,West,Mountain,5,19740,797.932,17909,NA,NA,NA,1008,133,880,13,282,35,3,670,567,67,544,16,4,7,4,7,0,NA,NA,NA,1848,173,1675,NA,727,NA,NA,0,703,764,106,658,NA,283,NA,NA,0,315,4,345,1366,916,NA,NA,NA,NA,NA,NA,NA,NA,NA,NA,NA,NA
8005,2016,Arapahoe,18,70866,1891,9,201608005,CO,Arapahoe County,628834,425396,213946,211450,28253,49153,77191,2406,NA,268393,suburban,West,Mountain,5,19740,797.932,NA,NA,NA,NA,NA,NA,NA,NA,NA,NA,NA,NA,NA,NA,NA,NA,NA,NA,NA,NA,NA,NA,NA,NA,NA,NA,NA,NA,NA,NA,NA,NA,NA,NA,NA,NA,NA,NA,NA,NA,NA,NA,4,345,1366,916,NA,NA,NA,NA,NA,NA,NA,NA,NA,NA,NA,NA
8007,2014,Archuleta,6,44508,4378,14.7,201408007,CO,Archuleta County,12205,7687,3884,3803,73,59,1396,121,NA,6038,rural,West,Mountain,423,NA,1350.096,368,NA,NA,NA,23,4,23,0,0,3,1,23,22,1,16,1,0,0,0,0,0,NA,NA,NA,28,NA,NA,FALSE,0,NA,NA,1,19,18,NA,NA,FALSE,0,NA,NA,1,13,0,0,0,0,12297,242,23,219,2,3,0,18,56,154,8,1
8007,2015,Archuleta,6,50361,4972,13.1,201508007,CO,Archuleta County,12222,7546,3789,3757,74,56,1437,120,NA,5859,rural,West,Mountain,423,NA,1350.096,368,NA,NA,NA,23,4,23,0,0,3,1,23,22,1,16,1,0,0,0,0,0,NA,NA,NA,33,NA,NA,FALSE,0,NA,NA,2,23,20,NA,NA,FALSE,0,NA,NA,2,14,0,0,0,0,NA,NA,NA,NA,NA,NA,NA,NA,NA,NA,NA,NA
8007,2016,Archuleta,6,51998,5440,12,201608007,CO,Archuleta County,12382,7518,3756,3762,76,72,1465,128,NA,5777,rural,West,Mountain,423,NA,1350.096,NA,NA,NA,NA,NA,NA,NA,NA,NA,NA,NA,NA,NA,NA,NA,NA,NA,NA,NA,NA,NA,NA,NA,NA,NA,NA,NA,NA,NA,NA,NA,NA,NA,NA,NA,NA,NA,NA,NA,NA,NA,NA,0,0,0,0,NA,NA,NA,NA,NA,NA,NA,NA,NA,NA,NA,NA
8009,2014,Baca,15,36294,3793,20,201408009,CO,Baca County,3655,2129,1031,1098,10,22,221,30,NA,1846,rural,West,Mountain,693,NA,2554.993,156.4286,NA,NA,NA,7,0,4,0,0,0,0,4,3,0,3,0,0,0,0,0,0,NA,NA,NA,NA,NA,NA,NA,NA,NA,NA,NA,NA,NA,NA,NA,NA,NA,NA,NA,NA,NA,0,0,0,0,3677,33,5,28,0,1,0,4,12,12,4,0
8009,2015,Baca,15,35405,3623,20.8,201508009,CO,Baca County,3586,2074,1004,1070,7,26,231,30,NA,1780,rural,West,Mountain,693,NA,2554.993,156.4286,NA,NA,NA,7,0,4,0,0,0,0,4,3,0,3,0,0,0,0,0,0,NA,NA,NA,NA,NA,NA,NA,NA,NA,NA,NA,NA,4,0,4,FALSE,0,FALSE,FALSE,0,4,0,0,0,0,NA,NA,NA,NA,NA,NA,NA,NA,NA,NA,NA,NA
8009,2016,Baca,15,34070,3263,20.2,201608009,CO,Baca County,3552,2048,1004,1044,7,32,229,29,NA,1751,rural,West,Mountain,693,NA,2554.993,NA,NA,NA,NA,NA,NA,NA,NA,NA,NA,NA,NA,NA,NA,NA,NA,NA,NA,NA,NA,NA,NA,NA,NA,NA,NA,NA,NA,NA,NA,NA,NA,NA,NA,NA,NA,NA,NA,NA,NA,NA,NA,0,0,0,0,NA,NA,NA,NA,NA,NA,NA,NA,NA,NA,NA,NA
8011,2014,Bent,16,35424,3674,32.3,201408011,CO,Bent County,5733,4051,1213,2838,67,370,1296,62,NA,2256,rural,West,Mountain,500,NA,1512.865,537,NA,NA,NA,31,5,25,0,1,19,0,10,22,1,16,6,0,9,0,0,0,NA,NA,NA,25,NA,NA,FALSE,NA,NA,FALSE,2,8,13,NA,NA,FALSE,0,NA,FALSE,0,4,1,183,725,745,5534,81,8,73,0,1,1,6,28,39,6,0
8011,2015,Bent,16,36630,3771,36.7,201508011,CO,Bent County,5784,4086,1143,2943,70,415,1338,63,NA,2200,rural,West,Mountain,500,NA,1512.865,537,NA,NA,NA,31,5,25,0,1,19,0,10,22,1,16,6,0,9,0,0,0,NA,NA,NA,24,NA,NA,FALSE,NA,NA,FALSE,1,7,12,NA,NA,FALSE,NA,NA,FALSE,1,5,1,183,725,745,NA,NA,NA,NA,NA,NA,NA,NA,NA,NA,NA,NA
8011,2016,Bent,16,33951,3399,34.1,201608011,CO,Bent County,5893,4162,1165,2997,77,424,1345,68,NA,2248,rural,West,Mountain,500,NA,1512.865,NA,NA,NA,NA,NA,NA,NA,NA,NA,NA,NA,NA,NA,NA,NA,NA,NA,NA,NA,NA,NA,NA,NA,NA,NA,NA,NA,NA,NA,NA,NA,NA,NA,NA,NA,NA,NA,NA,NA,NA,NA,NA,1,183,725,745,NA,NA,NA,NA,NA,NA,NA,NA,NA,NA,NA,NA
8013,2014,Boulder,20,71546,3274,13.3,201408013,CO,Boulder County,309749,221242,109012,112230,11308,2563,27629,1116,NA,178626,small/mid,West,Mountain,5,14500,726.367,10115.71,NA,NA,NA,524,75,443,6,19,105,4,382,283,28,272,9,0,20,3,22,0,NA,NA,NA,627,41,586,NA,48,NA,NA,0,394,305,22,283,NA,19,NA,NA,0,207,1,0,64,69,251443,6681,619,6062,5,186,73,355,930,4679,355,98
8013,2015,Boulder,20,72392,4317,12.3,201508013,CO,Boulder County,312505,222240,109394,112846,11588,2675,28044,1110,NA,178823,small/mid,West,Mountain,5,14500,726.367,8566,NA,NA,NA,465,67,359,3,13,90,5,315,213,28,272,15,0,11,3,22,0,NA,NA,NA,584,34,550,NA,58,NA,NA,0,352,244,25,219,NA,24,NA,NA,0,156,1,0,64,69,NA,NA,NA,NA,NA,NA,NA,NA,NA,NA,NA,NA
8013,2016,Boulder,20,74772,3149,10.8,201608013,CO,Boulder County,317968,225700,110791,114909,11980,2760,28896,1139,NA,180925,small/mid,West,Mountain,5,14500,726.367,NA,NA,NA,NA,NA,NA,NA,NA,NA,NA,NA,NA,NA,NA,NA,NA,NA,NA,NA,NA,NA,NA,NA,NA,NA,NA,NA,NA,NA,NA,NA,NA,NA,NA,NA,NA,NA,NA,NA,NA,NA,NA,1,0,64,69,NA,NA,NA,NA,NA,NA,NA,NA,NA,NA,NA,NA
8014,2014,Broomfield,17,85885,5291,4,201408014,CO,Broomfield County,60065,40451,20078,20373,2750,538,4654,200,NA,32309,suburban,West,Mountain,NA,19740,33.004,2224,NA,NA,NA,61,13,56,0,2,21,0,44,44,0,0,0,0,0,0,4,0,NA,NA,NA,61,7,54,FALSE,NA,NA,NA,5,39,36,6,30,FALSE,NA,NA,FALSE,2,26,0,0,0,0,60693,1077,31,1046,0,15,5,11,115,888,37,6
8014,2015,Broomfield,17,86548,5333,4.9,201508014,CO,Broomfield County,61706,41485,20624,20861,2903,608,4848,219,NA,32907,suburban,West,Mountain,NA,19740,33.004,2224,NA,NA,NA,61,13,56,0,2,21,0,44,44,0,0,0,0,0,0,4,0,NA,NA,NA,61,6,55,NA,NA,NA,FALSE,4,38,43,4,39,NA,NA,NA,FALSE,3,30,0,0,0,0,NA,NA,NA,NA,NA,NA,NA,NA,NA,NA,NA,NA
8014,2016,Broomfield,17,86870,6091,5.3,201608014,CO,Broomfield County,64796,43762,21714,22048,3060,677,5321,239,NA,34465,suburban,West,Mountain,NA,19740,33.004,NA,NA,NA,NA,NA,NA,NA,NA,NA,NA,NA,NA,NA,NA,NA,NA,NA,NA,NA,NA,NA,NA,NA,NA,NA,NA,NA,NA,NA,NA,NA,NA,NA,NA,NA,NA,NA,NA,NA,NA,NA,NA,0,0,0,0,NA,NA,NA,NA,NA,NA,NA,NA,NA,NA,NA,NA
8015,2014,Chaffee,11,48840,3938,12.4,201408015,CO,Chaffee County,18347,11819,5306,6513,94,271,1326,149,NA,9979,rural,West,Mountain,697,NA,1013.408,1558,NA,NA,NA,73,13,59,0,1,11,1,59,33,0,14,6,1,66,0,0,0,NA,NA,NA,42,NA,NA,FALSE,0,NA,FALSE,0,35,33,6,27,FALSE,0,NA,FALSE,0,28,3,301,1235,1218,18797,291,15,276,1,4,0,10,50,204,17,5
8015,2015,Chaffee,11,50947,4847,11.7,201508015,CO,Chaffee County,18439,11808,5260,6548,104,304,1331,155,NA,9914,rural,West,Mountain,697,NA,1013.408,1558,NA,NA,NA,73,13,59,0,1,11,1,59,33,0,14,6,1,66,0,0,0,NA,NA,NA,39,NA,NA,FALSE,0,NA,FALSE,0,34,27,4,23,FALSE,0,NA,FALSE,3,24,3,301,1235,1218,NA,NA,NA,NA,NA,NA,NA,NA,NA,NA,NA,NA
8015,2016,Chaffee,11,49877,3122,11.4,201608015,CO,Chaffee County,18582,11835,5274,6561,118,314,1337,151,NA,9915,rural,West,Mountain,697,NA,1013.408,NA,NA,NA,NA,NA,NA,NA,NA,NA,NA,NA,NA,NA,NA,NA,NA,NA,NA,NA,NA,NA,NA,NA,NA,NA,NA,NA,NA,NA,NA,NA,NA,NA,NA,NA,NA,NA,NA,NA,NA,NA,NA,3,301,1235,1218,NA,NA,NA,NA,NA,NA,NA,NA,NA,NA,NA,NA
8017,2014,Cheyenne,15,52273,4908,13.4,201408017,CO,Cheyenne County,1869,1147,552,595,8,10,159,10,NA,960,rural,West,Mountain,626,NA,1778.276,730,NA,NA,NA,4,1,0,0,0,0,0,1,0,0,0,0,0,0,0,0,0,NA,NA,NA,0,0,0,FALSE,0,FALSE,FALSE,0,0,NA,NA,NA,NA,NA,NA,NA,NA,NA,0,0,0,0,1915,2,2,0,0,0,0,2,0,0,0,0
8017,2015,Cheyenne,15,50620,5325,11.7,201508017,CO,Cheyenne County,1834,1123,528,595,7,13,161,11,NA,931,rural,West,Mountain,626,NA,1778.276,730,NA,NA,NA,4,1,0,0,0,0,0,1,0,0,0,0,0,0,0,0,0,NA,NA,NA,0,0,0,FALSE,0,FALSE,FALSE,0,0,0,0,0,FALSE,0,FALSE,FALSE,0,0,0,0,0,0,NA,NA,NA,NA,NA,NA,NA,NA,NA,NA,NA,NA
8017,2016,Cheyenne,15,50558,5340,14,201608017,CO,Cheyenne County,1811,1096,518,578,7,11,162,13,NA,903,rural,West,Mountain,626,NA,1778.276,NA,NA,NA,NA,NA,NA,NA,NA,NA,NA,NA,NA,NA,NA,NA,NA,NA,NA,NA,NA,NA,NA,NA,NA,NA,NA,NA,NA,NA,NA,NA,NA,NA,NA,NA,NA,NA,NA,NA,NA,NA,NA,0,0,0,0,NA,NA,NA,NA,NA,NA,NA,NA,NA,NA,NA,NA
8019,2014,Clear Creek,5,69115,6705,8.5,201408019,CO,Clear Creek County,9008,6380,3063,3317,47,58,333,59,NA,5883,suburban,West,Mountain,5,19740,395.199,764,NA,NA,NA,47,9,31,0,6,7,1,26,34,10,57,1,0,12,2,15,0,NA,NA,NA,34,NA,NA,FALSE,NA,NA,NA,2,28,15,NA,NA,FALSE,NA,NA,FALSE,2,13,0,0,0,0,8789,201,50,151,1,7,0,42,34,101,16,0
8019,2015,Clear Creek,5,67262,6917,9.6,201508019,CO,Clear Creek County,9110,6362,3043,3319,51,67,379,60,NA,5805,suburban,West,Mountain,5,19740,395.199,764,NA,NA,NA,47,9,31,0,6,7,1,26,34,10,57,1,0,12,2,15,0,NA,NA,NA,29,NA,NA,FALSE,0,NA,NA,1,24,15,NA,NA,FALSE,0,NA,FALSE,3,12,0,0,0,0,NA,NA,NA,NA,NA,NA,NA,NA,NA,NA,NA,NA
8019,2016,Clear Creek,5,68699,6989,8.1,201608019,CO,Clear Creek County,9233,6382,3056,3326,55,76,398,66,NA,5787,suburban,West,Mountain,5,19740,395.199,NA,NA,NA,NA,NA,NA,NA,NA,NA,NA,NA,NA,NA,NA,NA,NA,NA,NA,NA,NA,NA,NA,NA,NA,NA,NA,NA,NA,NA,NA,NA,NA,NA,NA,NA,NA,NA,NA,NA,NA,NA,NA,0,0,0,0,NA,NA,NA,NA,NA,NA,NA,NA,NA,NA,NA,NA
8021,2014,Conejos,12,33998,3257,22.9,201408021,CO,Conejos County,8192,4983,2450,2533,21,23,2804,53,NA,2082,rural,West,Mountain,264,NA,1287.428,586.5,NA,NA,NA,31.5,8.5,20,0,0,21,1,2,19.5,5,34,3,0,5.5,0,2,0,NA,NA,NA,20,0,20,FALSE,0,NA,NA,5,NA,14,NA,NA,FALSE,0,NA,FALSE,3,NA,0,0,0,0,8324,14,1,13,0,1,0,0,5,8,0,0
8021,2015,Conejos,12,37102,3435,20.2,201508021,CO,Conejos County,8224,4958,2441,2517,22,25,2805,51,NA,2055,rural,West,Mountain,264,NA,1287.428,720,NA,NA,NA,40,11,23,0,0,21,1,2,25,5,34,3,0,9,0,2,0,NA,NA,NA,24,NA,NA,FALSE,0,NA,NA,6,NA,21,NA,NA,FALSE,0,NA,NA,1,7,0,0,0,0,NA,NA,NA,NA,NA,NA,NA,NA,NA,NA,NA,NA
8021,2016,Conejos,12,34390,3428,22.7,201608021,CO,Conejos County,8061,4875,2372,2503,28,33,2715,50,NA,2049,rural,West,Mountain,264,NA,1287.428,NA,NA,NA,NA,NA,NA,NA,NA,NA,NA,NA,NA,NA,NA,NA,NA,NA,NA,NA,NA,NA,NA,NA,NA,NA,NA,NA,NA,NA,NA,NA,NA,NA,NA,NA,NA,NA,NA,NA,NA,NA,NA,0,0,0,0,NA,NA,NA,NA,NA,NA,NA,NA,NA,NA,NA,NA
8023,2014,Costilla,12,27882,2834,28.5,201408023,CO,Costilla County,3535,2095,1010,1085,20,12,1414,30,NA,619,rural,West,Mountain,264,NA,1227.593,18,NA,NA,NA,15,1,7,0,1,6,0,2,4,0,8,0,0,5,0,1,0,NA,NA,NA,11,NA,NA,FALSE,NA,NA,FALSE,4,NA,5,0,5,FALSE,NA,NA,FALSE,5,NA,0,0,0,0,3536,28,8,20,0,0,0,8,10,7,3,0
8023,2015,Costilla,12,27944,2875,28.2,201508023,CO,Costilla County,3554,2086,993,1093,19,12,1412,30,NA,613,rural,West,Mountain,264,NA,1227.593,18,NA,NA,NA,15,1,7,0,1,6,0,2,4,0,8,0,0,5,0,1,0,NA,NA,NA,9,NA,NA,FALSE,NA,NA,FALSE,4,NA,5,0,5,FALSE,0,NA,FALSE,5,NA,0,0,0,0,NA,NA,NA,NA,NA,NA,NA,NA,NA,NA,NA,NA
8023,2016,Costilla,12,27211,2845,30.4,201608023,CO,Costilla County,3569,2043,976,1067,15,19,1363,26,NA,620,rural,West,Mountain,264,NA,1227.593,NA,NA,NA,NA,NA,NA,NA,NA,NA,NA,NA,NA,NA,NA,NA,NA,NA,NA,NA,NA,NA,NA,NA,NA,NA,NA,NA,NA,NA,NA,NA,NA,NA,NA,NA,NA,NA,NA,NA,NA,NA,NA,0,0,0,0,NA,NA,NA,NA,NA,NA,NA,NA,NA,NA,NA,NA
8025,2014,Crowley,16,32570,3218,40.5,201408025,CO,Crowley County,5321,4028,922,3106,51,478,1282,72,NA,2145,rural,West,Mountain,159,NA,787.428,137,NA,NA,NA,5,2,3,0,1,1,0,4,4,0,5,0,0,0,0,0,0,NA,NA,NA,11,0,11,FALSE,NA,NA,NA,3,4,9,0,9,FALSE,0,NA,FALSE,3,NA,2,553,2160,2727,5231,7,2,5,0,0,0,2,4,1,0,0
8025,2015,Crowley,16,35405,3598,44.3,201508025,CO,Crowley County,5586,4269,907,3362,58,545,1373,84,NA,2209,rural,West,Mountain,159,NA,787.428,137,NA,NA,NA,5,2,3,0,1,1,0,4,4,0,5,0,0,0,0,0,0,NA,NA,NA,13,0,13,FALSE,NA,NA,FALSE,1,5,12,0,12,FALSE,NA,NA,FALSE,3,NA,2,553,2160,2727,NA,NA,NA,NA,NA,NA,NA,NA,NA,NA,NA,NA
8025,2016,Crowley,16,35873,3715,48,201608025,CO,Crowley County,5597,4287,895,3392,59,565,1369,82,NA,2212,rural,West,Mountain,159,NA,787.428,NA,NA,NA,NA,NA,NA,NA,NA,NA,NA,NA,NA,NA,NA,NA,NA,NA,NA,NA,NA,NA,NA,NA,NA,NA,NA,NA,NA,NA,NA,NA,NA,NA,NA,NA,NA,NA,NA,NA,NA,NA,NA,2,553,2160,2727,NA,NA,NA,NA,NA,NA,NA,NA,NA,NA,NA,NA
8027,2014,Custer,11,48368,5103,14.9,201408027,CO,Custer County,4265,2611,1292,1319,13,45,163,19,NA,2371,rural,West,Mountain,159,NA,738.626,1990,NA,NA,NA,5,0,7,0,0,0,0,7,2,0,0,0,0,0,0,0,0,NA,NA,NA,8,0,8,FALSE,0,FALSE,FALSE,0,8,NA,NA,NA,NA,NA,NA,NA,NA,NA,0,0,0,0,4311,40,4,36,0,0,0,4,6,26,4,0
8027,2015,Custer,11,43995,3800,15.1,201508027,CO,Custer County,4345,2582,1289,1293,16,46,162,17,NA,2341,rural,West,Mountain,159,NA,738.626,1990,NA,NA,NA,5,0,7,0,0,0,0,7,2,0,0,0,0,0,0,0,0,NA,NA,NA,5,0,5,FALSE,0,FALSE,FALSE,0,5,0,0,0,FALSE,0,FALSE,FALSE,0,0,0,0,0,0,NA,NA,NA,NA,NA,NA,NA,NA,NA,NA,NA,NA
8027,2016,Custer,11,52021,5525,13.6,201608027,CO,Custer County,4439,2555,1285,1270,17,47,170,21,NA,2300,rural,West,Mountain,159,NA,738.626,NA,NA,NA,NA,NA,NA,NA,NA,NA,NA,NA,NA,NA,NA,NA,NA,NA,NA,NA,NA,NA,NA,NA,NA,NA,NA,NA,NA,NA,NA,NA,NA,NA,NA,NA,NA,NA,NA,NA,NA,NA,NA,0,0,0,0,NA,NA,NA,NA,NA,NA,NA,NA,NA,NA,NA,NA
8029,2014,Delta,7,45283,3900,15.6,201408029,CO,Delta County,30321,18169,8932,9237,189,162,2762,147,NA,14909,rural,West,Mountain,381,NA,1142.129,1814,NA,NA,NA,44,6,47,0,1,13,0,40,31,6,30,5,0,0,0,3,0,NA,NA,NA,37,NA,NA,FALSE,NA,NA,FALSE,1,27,24,NA,NA,FALSE,NA,NA,FALSE,1,18,1,122,484,484,28346,579,19,560,0,15,3,1,126,403,29,2
8029,2015,Delta,7,42586,3447,15.8,201508029,CO,Delta County,29947,17810,8717,9093,155,191,2775,150,NA,14539,rural,West,Mountain,381,NA,1142.129,1814,NA,NA,NA,44,6,47,0,1,13,0,40,31,6,30,5,0,0,0,3,0,NA,NA,NA,40,NA,NA,FALSE,NA,NA,NA,3,29,23,NA,NA,FALSE,NA,NA,NA,5,18,1,122,484,484,NA,NA,NA,NA,NA,NA,NA,NA,NA,NA,NA,NA
8029,2016,Delta,7,41798,3884,17.8,201608029,CO,Delta County,29902,17650,8613,9037,176,188,2857,149,NA,14280,rural,West,Mountain,381,NA,1142.129,NA,NA,NA,NA,NA,NA,NA,NA,NA,NA,NA,NA,NA,NA,NA,NA,NA,NA,NA,NA,NA,NA,NA,NA,NA,NA,NA,NA,NA,NA,NA,NA,NA,NA,NA,NA,NA,NA,NA,NA,NA,NA,1,122,484,484,NA,NA,NA,NA,NA,NA,NA,NA,NA,NA,NA,NA
8033,2014,Dolores,22,44235,4721,15.4,201408033,CO,Dolores County,2033,1236,590,646,5,6,56,43,NA,1126,rural,West,Mountain,363,NA,1067.17,0,NA,NA,NA,0,0,0,0,0,0,0,0,0,0,0,0,0,0,0,0,0,NA,NA,NA,NA,NA,NA,NA,NA,NA,NA,NA,NA,NA,NA,NA,NA,NA,NA,NA,NA,NA,0,0,0,0,2032,20,2,18,0,1,0,1,14,2,2,0
8033,2015,Dolores,22,44829,4652,14.9,201508033,CO,Dolores County,1977,1202,565,637,2,8,69,44,NA,1079,rural,West,Mountain,363,NA,1067.17,0,NA,NA,NA,0,0,0,0,0,0,0,0,0,0,0,0,0,0,0,0,0,NA,NA,NA,0,0,0,FALSE,0,FALSE,FALSE,0,0,0,0,0,FALSE,0,FALSE,FALSE,0,0,0,0,0,0,NA,NA,NA,NA,NA,NA,NA,NA,NA,NA,NA,NA
8033,2016,Dolores,22,46791,4965,13.2,201608033,CO,Dolores County,1980,1178,560,618,4,6,72,48,NA,1048,rural,West,Mountain,363,NA,1067.17,NA,NA,NA,NA,NA,NA,NA,NA,NA,NA,NA,NA,NA,NA,NA,NA,NA,NA,NA,NA,NA,NA,NA,NA,NA,NA,NA,NA,NA,NA,NA,NA,NA,NA,NA,NA,NA,NA,NA,NA,NA,NA,0,0,0,0,NA,NA,NA,NA,NA,NA,NA,NA,NA,NA,NA,NA
8035,2014,Douglas,18,107250,5897,3.7,201408035,CO,Douglas County,305944,204327,103492,100835,9425,2984,16199,724,NA,174995,suburban,West,Mountain,5,19740,840.185,5234,NA,NA,NA,256,42,167,2,22.5,38.5,3,144,133,30,138,14,0,100.5,1,25.5,0,NA,NA,NA,386,42,344,NA,47,NA,NA,0,263,183,28,155,NA,21,NA,NA,0,130,0,0,0,0,312703,3636,266,3370,2,88,15,161,478,2714,161,17
8035,2015,Douglas,18,109926,5076,3.4,201508035,CO,Douglas County,314250,209616,105865,103751,10228,3152,17028,734,NA,178474,suburban,West,Mountain,5,19740,840.185,5781,NA,NA,NA,276,49,169,2,25,42,1,148,147,30,138,14,0,195,1,23,0,NA,NA,NA,373,33,340,NA,45,NA,NA,0,240,160,19,141,NA,21,NA,NA,3,104,0,0,0,0,NA,NA,NA,NA,NA,NA,NA,NA,NA,NA,NA,NA
8035,2016,Douglas,18,112399,5799,3.4,201608035,CO,Douglas County,321484,214723,108069,106654,10947,3260,18008,755,NA,181753,suburban,West,Mountain,5,19740,840.185,NA,NA,NA,NA,NA,NA,NA,NA,NA,NA,NA,NA,NA,NA,NA,NA,NA,NA,NA,NA,NA,NA,NA,NA,NA,NA,NA,NA,NA,NA,NA,NA,NA,NA,NA,NA,NA,NA,NA,NA,NA,NA,0,0,0,0,NA,NA,NA,NA,NA,NA,NA,NA,NA,NA,NA,NA
8037,2014,Eagle,5,76661,5616,7.8,201408037,CO,Eagle County,52685,38019,17643,20376,449,362,10547,142,NA,26519,rural,West,Mountain,183,20780,1684.488,1336,NA,NA,NA,80,8,64,0,0,50,0,22,42,8,53,7,1,7,0,9,0,NA,NA,NA,50,NA,NA,FALSE,NA,NA,FALSE,2,27,32,NA,NA,FALSE,0,NA,FALSE,0,20,0,0,0,0,52852,1024,87,937,3,22,6,56,106,780,40,11
8037,2015,Eagle,5,75191,6178,7.6,201508037,CO,Eagle County,53143,38108,17691,20417,479,386,10646,144,NA,26453,rural,West,Mountain,183,20780,1684.488,1336,NA,NA,NA,80,8,64,0,0,50,0,22,42,8,53,7,1,7,0,9,0,NA,NA,NA,52,7,45,FALSE,NA,NA,FALSE,2,29,29,5,24,FALSE,0,NA,FALSE,0,18,0,0,0,0,NA,NA,NA,NA,NA,NA,NA,NA,NA,NA,NA,NA
8037,2016,Eagle,5,79556,5893,7.9,201608037,CO,Eagle County,53664,38304,17831,20473,467,399,10742,146,NA,26550,rural,West,Mountain,183,20780,1684.488,NA,NA,NA,NA,NA,NA,NA,NA,NA,NA,NA,NA,NA,NA,NA,NA,NA,NA,NA,NA,NA,NA,NA,NA,NA,NA,NA,NA,NA,NA,NA,NA,NA,NA,NA,NA,NA,NA,NA,NA,NA,NA,0,0,0,0,NA,NA,NA,NA,NA,NA,NA,NA,NA,NA,NA,NA
8041,2014,El Paso,4,59286,2118,12.2,201408041,CO,El Paso County,653945,443082,217196,225886,16348,31341,66500,3625,NA,325268,small/mid,West,Mountain,153,17820,2126.845,22473.57,NA,NA,NA,1828,331,1533,19,327,66,17,1402,773,114,913,140,2,35,2,202,44,NA,NA,NA,3399,368,3031,NA,810,NA,NA,0,1710,1601,217,1384,NA,371,NA,NA,0,829,4,336,1153,1423,666108,22359,2566,19793,23,502,445,1596,3538,14231,1894,130
8041,2015,El Paso,4,60050,1755,11,201508041,CO,El Paso County,661792,447624,218708,228916,16580,32300,68897,3715,NA,326132,small/mid,West,Mountain,153,17820,2126.845,22712,NA,NA,NA,1547,247,1177,15,250,323,14,750,706,114,913,88,17,77,2,44,34,NA,NA,NA,3288,341,2947,NA,735,NA,NA,0,1678,1508,197,1311,NA,319,NA,NA,0,794,4,336,1153,1423,NA,NA,NA,NA,NA,NA,NA,NA,NA,NA,NA,NA
8041,2016,El Paso,4,63610,2125,11.5,201608041,CO,El Paso County,672453,453929,221285,232644,16993,33185,71819,3730,NA,328202,small/mid,West,Mountain,153,17820,2126.845,NA,NA,NA,NA,NA,NA,NA,NA,NA,NA,NA,NA,NA,NA,NA,NA,NA,NA,NA,NA,NA,NA,NA,NA,NA,NA,NA,NA,NA,NA,NA,NA,NA,NA,NA,NA,NA,NA,NA,NA,NA,NA,4,336,1153,1423,NA,NA,NA,NA,NA,NA,NA,NA,NA,NA,NA,NA
8039,2014,Elbert,18,83603,5738,5.9,201408039,CO,Elbert County,23529,16318,8208,8110,154,144,967,99,NA,14954,suburban,West,Mountain,5,19740,1850.842,461,NA,NA,NA,21,2,17,0,1,2,0,16,16,0,10,14,0,2,0,0,0,NA,NA,NA,33,0,33,FALSE,NA,NA,NA,4,21,9,0,9,FALSE,0,NA,FALSE,1,8,0,0,0,0,23407,20,1,19,0,0,0,1,2,17,0,0
8039,2015,Elbert,18,90270,7288,5.9,201508039,CO,Elbert County,23998,16505,8258,8247,171,153,999,101,NA,15081,suburban,West,Mountain,5,19740,1850.842,461,NA,NA,NA,21,2,17,0,1,2,0,16,16,0,10,14,0,2,0,0,0,NA,NA,NA,23,0,23,FALSE,0,NA,NA,1,18,7,NA,NA,FALSE,0,FALSE,FALSE,0,7,0,0,0,0,NA,NA,NA,NA,NA,NA,NA,NA,NA,NA,NA,NA
8039,2016,Elbert,18,86693,2835,6,201608039,CO,Elbert County,24553,16771,8367,8404,185,162,1050,111,NA,15263,suburban,West,Mountain,5,19740,1850.842,NA,NA,NA,NA,NA,NA,NA,NA,NA,NA,NA,NA,NA,NA,NA,NA,NA,NA,NA,NA,NA,NA,NA,NA,NA,NA,NA,NA,NA,NA,NA,NA,NA,NA,NA,NA,NA,NA,NA,NA,NA,NA,0,0,0,0,NA,NA,NA,NA,NA,NA,NA,NA,NA,NA,NA,NA
8043,2014,Fremont,11,41385,3023,19.1,201408043,CO,Fremont County,46260,30977,11772,19205,306,1757,4568,608,NA,23738,rural,West,Mountain,159,15860,1533.082,3072,NA,NA,NA,192,18,189,0,15,80,7,105,86,16,53,92,2,1,1,1,0,NA,NA,NA,245,13,232,FALSE,11,NA,NA,0,189,96,14,82,FALSE,NA,NA,NA,3,75,11,2661,8016,6203,46611,911,105,806,5,16,3,81,121,634,47,4
8043,2015,Fremont,11,41967,3403,17.2,201508043,CO,Fremont County,46075,30592,11655,18937,314,1752,4543,584,NA,23399,rural,West,Mountain,159,15860,1533.082,3072,NA,NA,NA,192,18,189,0,15,80,7,105,86,16,53,92,2,1,1,1,0,NA,NA,NA,203,10,193,FALSE,8,NA,NA,0,156,87,11,76,FALSE,NA,NA,NA,2,71,11,2661,8016,6203,NA,NA,NA,NA,NA,NA,NA,NA,NA,NA,NA,NA
8043,2016,Fremont,11,46372,4399,17.5,201608043,CO,Fremont County,46204,30528,11637,18891,314,1742,4588,568,NA,23316,rural,West,Mountain,159,15860,1533.082,NA,NA,NA,NA,NA,NA,NA,NA,NA,NA,NA,NA,NA,NA,NA,NA,NA,NA,NA,NA,NA,NA,NA,NA,NA,NA,NA,NA,NA,NA,NA,NA,NA,NA,NA,NA,NA,NA,NA,NA,NA,NA,11,2661,8016,6203,NA,NA,NA,NA,NA,NA,NA,NA,NA,NA,NA,NA
8045,2014,Garfield,9,62529,4738,10.2,201408045,CO,Garfield County,56888,38456,18617,19839,329,258,10224,261,NA,27384,rural,West,Mountain,183,24060,2947.541,2190,NA,NA,NA,86,14,57,1,2,16,1,51,50,6,94,4,0,2,0,17,0,NA,NA,NA,121,5,116,FALSE,NA,NA,NA,2,88,75,7,68,FALSE,NA,NA,NA,3,53,1,44,182,192,57939,1101,99,1002,2,38,5,54,174,781,37,10
8045,2015,Garfield,9,64487,5701,10.3,201508045,CO,Garfield County,57120,38452,18631,19821,347,269,10241,260,NA,27335,rural,West,Mountain,183,24060,2947.541,2514,NA,NA,NA,106,10,94,0,2,32,1,71,91,6,94,4,0,2,0,17,0,NA,NA,NA,112,6,106,FALSE,NA,NA,NA,2,80,63,5,58,FALSE,0,NA,NA,1,45,1,44,182,192,NA,NA,NA,NA,NA,NA,NA,NA,NA,NA,NA,NA
8045,2016,Garfield,9,69161,4740,9.1,201608045,CO,Garfield County,57691,38711,18863,19848,351,265,10374,266,NA,27455,rural,West,Mountain,183,24060,2947.541,NA,NA,NA,NA,NA,NA,NA,NA,NA,NA,NA,NA,NA,NA,NA,NA,NA,NA,NA,NA,NA,NA,NA,NA,NA,NA,NA,NA,NA,NA,NA,NA,NA,NA,NA,NA,NA,NA,NA,NA,NA,NA,1,44,182,192,NA,NA,NA,NA,NA,NA,NA,NA,NA,NA,NA,NA
8047,2014,Gilpin,1,64752,6701,7.9,201408047,CO,Gilpin County,5520,4006,1887,2119,67,53,244,35,NA,3607,suburban,West,Mountain,5,19740,149.896,1060,NA,NA,NA,45,4,24,0,1,5,0,22,12,0,14,1,0,0,0,0,0,NA,NA,NA,36,NA,NA,NA,6,NA,FALSE,4,26,13,NA,NA,FALSE,NA,NA,FALSE,1,8,0,0,0,0,5667,361,19,342,1,2,0,16,26,301,14,1
8047,2015,Gilpin,1,67389,5934,8,201508047,CO,Gilpin County,5736,4121,1940,2181,69,51,248,44,NA,3709,suburban,West,Mountain,5,19740,149.896,1060,NA,NA,NA,45,4,24,0,1,5,0,22,12,0,14,1,0,0,0,0,0,NA,NA,NA,31,NA,NA,FALSE,5,NA,FALSE,0,22,16,NA,NA,FALSE,NA,NA,FALSE,4,12,0,0,0,0,NA,NA,NA,NA,NA,NA,NA,NA,NA,NA,NA,NA
8047,2016,Gilpin,1,65472,7081,7.5,201608047,CO,Gilpin County,5791,4141,1927,2214,73,51,252,46,NA,3719,suburban,West,Mountain,5,19740,149.896,NA,NA,NA,NA,NA,NA,NA,NA,NA,NA,NA,NA,NA,NA,NA,NA,NA,NA,NA,NA,NA,NA,NA,NA,NA,NA,NA,NA,NA,NA,NA,NA,NA,NA,NA,NA,NA,NA,NA,NA,NA,NA,0,0,0,0,NA,NA,NA,NA,NA,NA,NA,NA,NA,NA,NA,NA
8049,2014,Grand,14,59379,5697,10.4,201408049,CO,Grand County,14296,10157,4730,5427,119,65,704,43,NA,9226,rural,West,Mountain,691,NA,1846.441,771,NA,NA,NA,25,2,12,0,2,2,0,10,7,1,15,2,0,1,0,3,0,NA,NA,NA,25,NA,NA,FALSE,0,NA,NA,2,19,15,NA,NA,FALSE,0,NA,FALSE,2,13,0,0,0,0,12871,140,13,127,0,6,0,7,12,112,3,0
8049,2015,Grand,14,59885,6077,8.3,201508049,CO,Grand County,14536,10186,4761,5425,119,71,720,43,NA,9233,rural,West,Mountain,691,NA,1846.441,771,NA,NA,NA,25,2,12,0,2,2,0,10,7,1,15,2,0,1,0,3,0,NA,NA,NA,27,NA,NA,FALSE,0,NA,NA,2,20,15,NA,NA,FALSE,0,NA,FALSE,2,13,0,0,0,0,NA,NA,NA,NA,NA,NA,NA,NA,NA,NA,NA,NA
8049,2016,Grand,14,63875,6083,8.2,201608049,CO,Grand County,14685,10277,4781,5496,115,82,766,49,NA,9265,rural,West,Mountain,691,NA,1846.441,NA,NA,NA,NA,NA,NA,NA,NA,NA,NA,NA,NA,NA,NA,NA,NA,NA,NA,NA,NA,NA,NA,NA,NA,NA,NA,NA,NA,NA,NA,NA,NA,NA,NA,NA,NA,NA,NA,NA,NA,NA,NA,0,0,0,0,NA,NA,NA,NA,NA,NA,NA,NA,NA,NA,NA,NA
8051,2014,Gunnison,7,48940,5024,14.9,201408051,CO,Gunnison County,15646,11523,5169,6354,95,86,970,98,NA,10274,rural,West,Mountain,633,NA,3239.142,525.1302,NA,NA,NA,17.2488,0.9582669,6.707868,0,0,0.9582669,0,6.707868,4.791334,3.811541,9.528853,0,0,0.9582669,0,0,0,NA,NA,NA,25,NA,NA,NA,NA,NA,FALSE,6,19,13,NA,NA,FALSE,0,NA,FALSE,1,12,0,0,0,0,15628,236,29,207,1,8,1,19,12,180,10,5
8051,2015,Gunnison,7,47619,4414,12.5,201508051,CO,Gunnison County,15835,11635,5232,6403,103,100,978,94,NA,10360,rural,West,Mountain,633,NA,3239.142,525.1302,NA,NA,NA,17.2488,0.9582669,6.707868,0,0,0.9582669,0,6.707868,4.791334,3.811541,9.528853,0,0,0.9582669,0,0,0,NA,NA,NA,29,NA,NA,NA,NA,NA,FALSE,3,22,18,NA,NA,FALSE,0,NA,NA,3,15,0,0,0,0,NA,NA,NA,NA,NA,NA,NA,NA,NA,NA,NA,NA
8051,2016,Gunnison,7,53753,5018,13.8,201608051,CO,Gunnison County,16166,11888,5388,6500,114,106,1042,96,NA,10530,rural,West,Mountain,633,NA,3239.142,NA,NA,NA,NA,NA,NA,NA,NA,NA,NA,NA,NA,NA,NA,NA,NA,NA,NA,NA,NA,NA,NA,NA,NA,NA,NA,NA,NA,NA,NA,NA,NA,NA,NA,NA,NA,NA,NA,NA,NA,NA,NA,0,0,0,0,NA,NA,NA,NA,NA,NA,NA,NA,NA,NA,NA,NA
8053,2014,Hinsdale,7,51241,5478,10.1,201408053,CO,Hinsdale County,804,493,246,247,4,6,26,6,NA,451,rural,West,Mountain,633,NA,1117.231,22.86976,NA,NA,NA,0.7511966,4.17E-02,0.292132,0,0,4.17E-02,0,0.292132,0.2086657,0.1884586,0.4711465,0,0,4.17E-02,0,0,0,NA,NA,NA,0,0,0,FALSE,0,FALSE,FALSE,0,0,0,0,0,FALSE,0,FALSE,FALSE,0,0,0,0,0,0,810,4,0,4,0,0,0,0,1,3,0,0
8053,2015,Hinsdale,7,58613,3925,10.9,201508053,CO,Hinsdale County,773,457,230,227,4,4,22,6,NA,421,rural,West,Mountain,633,NA,1117.231,22.86976,NA,NA,NA,0.7511966,4.17E-02,0.292132,0,0,4.17E-02,0,0.292132,0.2086657,0.1884586,0.4711465,0,0,4.17E-02,0,0,0,NA,NA,NA,0,0,0,FALSE,0,FALSE,FALSE,0,0,0,0,0,FALSE,0,FALSE,FALSE,0,0,0,0,0,0,NA,NA,NA,NA,NA,NA,NA,NA,NA,NA,NA,NA
8053,2016,Hinsdale,7,51717,5648,10,201608053,CO,Hinsdale County,764,447,220,227,4,5,23,6,NA,409,rural,West,Mountain,633,NA,1117.231,NA,NA,NA,NA,NA,NA,NA,NA,NA,NA,NA,NA,NA,NA,NA,NA,NA,NA,NA,NA,NA,NA,NA,NA,NA,NA,NA,NA,NA,NA,NA,NA,NA,NA,NA,NA,NA,NA,NA,NA,NA,NA,0,0,0,0,NA,NA,NA,NA,NA,NA,NA,NA,NA,NA,NA,NA
8055,2014,Huerfano,3,32750,3421,22,201408055,CO,Huerfano County,6455,3751,1885,1866,38,26,1320,55,NA,2312,rural,West,Mountain,613,NA,1591.033,470,NA,NA,NA,29,3,21,0,2,18,0,4,13,3,19,3,0,1,1,1,0,NA,NA,NA,15,NA,NA,FALSE,0,NA,NA,1,4,7,NA,NA,FALSE,0,NA,NA,1,0,1,185,772,752,6520,143,23,120,2,5,0,16,29,81,7,3
8055,2015,Huerfano,3,33098,3344,23.2,201508055,CO,Huerfano County,6389,3629,1847,1782,38,27,1298,51,NA,2215,rural,West,Mountain,613,NA,1591.033,470,NA,NA,NA,29,3,21,0,2,18,0,4,13,3,19,3,0,1,1,1,0,NA,NA,NA,16,NA,NA,FALSE,0,NA,NA,2,6,11,NA,NA,FALSE,0,NA,NA,2,5,1,185,772,752,NA,NA,NA,NA,NA,NA,NA,NA,NA,NA,NA,NA
8055,2016,Huerfano,3,34626,3081,21.9,201608055,CO,Huerfano County,6400,3573,1805,1768,41,25,1280,60,NA,2167,rural,West,Mountain,613,NA,1591.033,NA,NA,NA,NA,NA,NA,NA,NA,NA,NA,NA,NA,NA,NA,NA,NA,NA,NA,NA,NA,NA,NA,NA,NA,NA,NA,NA,NA,NA,NA,NA,NA,NA,NA,NA,NA,NA,NA,NA,NA,NA,NA,1,185,772,752,NA,NA,NA,NA,NA,NA,NA,NA,NA,NA,NA,NA
8057,2014,Jackson,8,45073,4768,16.6,201408057,CO,Jackson County,1337,878,389,489,3,2,119,7,NA,747,rural,West,Mountain,663,NA,1613.726,72,NA,NA,NA,4,0,2,0,0,1,0,1,0,0,0,0,0,0,0,0,0,NA,NA,NA,NA,NA,NA,NA,NA,NA,NA,NA,NA,NA,NA,NA,NA,NA,NA,NA,NA,NA,0,0,0,0,1369,2,0,2,0,0,0,0,0,2,0,0
8057,2015,Jackson,8,46905,4828,13.9,201508057,CO,Jackson County,1385,900,399,501,3,5,112,7,NA,773,rural,West,Mountain,663,NA,1613.726,72,NA,NA,NA,4,0,2,0,0,1,0,1,0,0,0,0,0,0,0,0,0,NA,NA,NA,NA,NA,NA,NA,NA,NA,NA,NA,NA,NA,NA,NA,NA,NA,NA,NA,NA,NA,0,0,0,0,NA,NA,NA,NA,NA,NA,NA,NA,NA,NA,NA,NA
8057,2016,Jackson,8,46671,5052,14.1,201608057,CO,Jackson County,1351,862,392,470,4,6,110,7,NA,735,rural,West,Mountain,663,NA,1613.726,NA,NA,NA,NA,NA,NA,NA,NA,NA,NA,NA,NA,NA,NA,NA,NA,NA,NA,NA,NA,NA,NA,NA,NA,NA,NA,NA,NA,NA,NA,NA,NA,NA,NA,NA,NA,NA,NA,NA,NA,NA,NA,0,0,0,0,NA,NA,NA,NA,NA,NA,NA,NA,NA,NA,NA,NA
8059,2014,Jefferson,1,70687,1319,8.3,201408059,CO,Jefferson County,551809,377033,187357,189676,11835,4827,55145,2460,NA,302766,suburban,West,Mountain,5,19740,764.243,26801.43,NA,NA,NA,1238,199,1008,4,466.25,52.375,5,630.25,549,75,568,4,2,21,0,53,0,NA,NA,NA,2103,234,1869,NA,163,NA,NA,0,1183,1030,158,872,NA,85,NA,NA,0,616,5,154,528,654,559188,16664,1303,15361,13,250,235,805,1978,12075,1234,74
8059,2015,Jefferson,1,71209,1563,7.9,201508059,CO,Jefferson County,558519,380730,188926,191804,12085,5010,56429,2468,NA,304738,suburban,West,Mountain,5,19740,764.243,21125,NA,NA,NA,1203,208,946,1,522,59,5,555,499,75,568,8,2,21,0,40,0,NA,NA,NA,1968,211,1757,NA,158,NA,NA,0,1090,1008,144,864,NA,76,NA,NA,0,580,5,154,528,654,NA,NA,NA,NA,NA,NA,NA,NA,NA,NA,NA,NA
8059,2016,Jefferson,1,74342,2275,7,201608059,CO,Jefferson County,564365,383732,190248,193484,12508,5080,57705,2546,NA,305893,suburban,West,Mountain,5,19740,764.243,NA,NA,NA,NA,NA,NA,NA,NA,NA,NA,NA,NA,NA,NA,NA,NA,NA,NA,NA,NA,NA,NA,NA,NA,NA,NA,NA,NA,NA,NA,NA,NA,NA,NA,NA,NA,NA,NA,NA,NA,NA,NA,5,154,528,654,NA,NA,NA,NA,NA,NA,NA,NA,NA,NA,NA,NA
8061,2014,Kiowa,15,42310,3342,13.5,201408061,CO,Kiowa County,1392,839,414,425,1,8,54,4,NA,772,rural,West,Mountain,500,NA,1767.809,124.6364,NA,NA,NA,4.535819,0.1972095,2.859538,0,0,0.8874428,0,2.169305,1.577676,0,0,9.54E-02,0,0.2958143,0,0.1907228,0,NA,NA,NA,NA,NA,NA,NA,NA,NA,NA,NA,NA,NA,NA,NA,NA,NA,NA,NA,NA,NA,0,0,0,0,0,0,0,0,0,0,0,0,0,0,0,0
8061,2015,Kiowa,15,42108,4303,13.9,201508061,CO,Kiowa County,1380,834,412,422,1,10,60,6,NA,757,rural,West,Mountain,500,NA,1767.809,124.6364,NA,NA,NA,4.535819,0.1972095,2.859538,0,0,0.8874428,0,2.169305,1.577676,0,0,9.54E-02,0,0.2958143,0,0.1907228,0,NA,NA,NA,NA,NA,NA,NA,NA,NA,NA,NA,NA,NA,NA,NA,NA,NA,NA,NA,NA,NA,0,0,0,0,NA,NA,NA,NA,NA,NA,NA,NA,NA,NA,NA,NA
8061,2016,Kiowa,15,43951,4670,13.9,201608061,CO,Kiowa County,1384,832,414,418,1,12,61,6,NA,752,rural,West,Mountain,500,NA,1767.809,NA,NA,NA,NA,NA,NA,NA,NA,NA,NA,NA,NA,NA,NA,NA,NA,NA,NA,NA,NA,NA,NA,NA,NA,NA,NA,NA,NA,NA,NA,NA,NA,NA,NA,NA,NA,NA,NA,NA,NA,NA,NA,0,0,0,0,NA,NA,NA,NA,NA,NA,NA,NA,NA,NA,NA,NA
8063,2014,Kit Carson,13,46394,4486,14.9,201408063,CO,Kit Carson County,8234,5405,2132,3273,47,221,1092,39,NA,4006,rural,West,Mountain,626,NA,2160.822,338,NA,NA,NA,27,2,23,0,2,8,0,15,18,1,8,0,0,0,0,2,0,NA,NA,NA,21,NA,NA,FALSE,0,NA,FALSE,0,16,17,NA,NA,FALSE,0,NA,FALSE,0,11,1,182,790,820,7367,127,15,112,0,2,1,12,21,82,9,0
8063,2015,Kit Carson,13,44090,3951,12.2,201508063,CO,Kit Carson County,8007,5136,2151,2985,47,178,1019,36,NA,3856,rural,West,Mountain,626,NA,2160.822,338,NA,NA,NA,27,2,23,0,2,8,0,15,18,1,8,0,0,0,0,2,0,NA,NA,NA,20,NA,NA,FALSE,0,NA,FALSE,0,15,17,4,13,FALSE,NA,NA,FALSE,1,12,1,182,790,820,NA,NA,NA,NA,NA,NA,NA,NA,NA,NA,NA,NA
8063,2016,Kit Carson,13,48272,3698,14.3,201608063,CO,Kit Carson County,8202,5291,2117,3174,53,238,1081,41,NA,3878,rural,West,Mountain,626,NA,2160.822,NA,NA,NA,NA,NA,NA,NA,NA,NA,NA,NA,NA,NA,NA,NA,NA,NA,NA,NA,NA,NA,NA,NA,NA,NA,NA,NA,NA,NA,NA,NA,NA,NA,NA,NA,NA,NA,NA,NA,NA,NA,NA,1,182,790,820,NA,NA,NA,NA,NA,NA,NA,NA,NA,NA,NA,NA
8067,2014,La Plata,6,60658,3970,10.7,201408067,CO,La Plata County,53250,37346,18419,18927,297,237,4293,2291,NA,30228,rural,West,Mountain,423,20420,1689.785,2749.925,NA,NA,NA,112.5239,26.65039,81.92526,0,3.948205,10.85756,NA,71.0677,74.98782,11.84018,63.14763,9.866817,0,0,0,6.906773,0,NA,NA,NA,148,13,135,FALSE,6,NA,NA,0,92,94,10,84,FALSE,NA,NA,NA,3,53,1,0,42,42,54054,913,96,817,0,34,12,50,127,637,49,4
8067,2015,La Plata,6,60732,3185,9.4,201508067,CO,La Plata County,53740,37381,18467,18914,310,241,4415,2351,NA,30064,rural,West,Mountain,423,20420,1689.785,2749.925,NA,NA,NA,112.5239,26.65039,81.92526,0,3.948205,10.85756,NA,71.0677,74.98782,11.84018,63.14763,9.866817,0,0,0,6.906773,0,NA,NA,NA,141,8,133,FALSE,7,NA,NA,0,89,91,13,78,FALSE,NA,NA,NA,2,55,1,0,42,42,NA,NA,NA,NA,NA,NA,NA,NA,NA,NA,NA,NA
8067,2016,La Plata,6,58499,4570,10.9,201608067,CO,La Plata County,54552,37636,18586,19050,308,232,4460,2418,NA,30218,rural,West,Mountain,423,20420,1689.785,NA,NA,NA,NA,NA,NA,NA,NA,NA,NA,NA,NA,NA,NA,NA,NA,NA,NA,NA,NA,NA,NA,NA,NA,NA,NA,NA,NA,NA,NA,NA,NA,NA,NA,NA,NA,NA,NA,NA,NA,NA,NA,1,0,42,42,NA,NA,NA,NA,NA,NA,NA,NA,NA,NA,NA,NA
8065,2014,Lake,5,46765,4834,16,201408065,CO,Lake County,7261,5039,2283,2756,31,37,1749,47,NA,3175,rural,West,Mountain,183,NA,376.919,1003,NA,NA,NA,5,1,3,0,0,14,0,3,2,1,11,1,1,0,0,7,0,NA,NA,NA,15,NA,NA,FALSE,0,NA,FALSE,0,9,8,NA,NA,FALSE,0,NA,FALSE,3,NA,0,0,0,0,7359,95,18,77,0,3,1,14,16,51,10,0
8065,2015,Lake,5,45913,4822,15.7,201508065,CO,Lake County,7317,5092,2325,2767,30,38,1752,55,NA,3217,rural,West,Mountain,183,NA,376.919,1003,NA,NA,NA,5,1,3,0,0,14,0,3,2,1,11,1,1,0,0,7,0,NA,NA,NA,20,5,15,FALSE,0,NA,FALSE,0,10,15,5,10,FALSE,0,NA,FALSE,0,7,0,0,0,0,NA,NA,NA,NA,NA,NA,NA,NA,NA,NA,NA,NA
8065,2016,Lake,5,49064,5108,14.6,201608065,CO,Lake County,7444,5198,2360,2838,36,41,1806,57,NA,3258,rural,West,Mountain,183,NA,376.919,NA,NA,NA,NA,NA,NA,NA,NA,NA,NA,NA,NA,NA,NA,NA,NA,NA,NA,NA,NA,NA,NA,NA,NA,NA,NA,NA,NA,NA,NA,NA,NA,NA,NA,NA,NA,NA,NA,NA,NA,NA,NA,0,0,0,0,NA,NA,NA,NA,NA,NA,NA,NA,NA,NA,NA,NA
8069,2014,Larimer,8,57659,2943,12.8,201408069,CO,Larimer County,315859,219366,109302,110064,5608,2631,22639,1200,NA,187288,small/mid,West,Mountain,515,22660,2595.774,10272.14,NA,NA,NA,432,68,393,1,24,112,9,313,219,22,144,54,2,64,1,15,0,NA,NA,NA,800,76,724,NA,48,NA,NA,1,537,429,67,362,FALSE,22,NA,NA,0,290,0,0,0,0,321817,7601,611,6990,4,114,53,440,948,5677,319,46
8069,2015,Larimer,8,64935,2643,12.2,201508069,CO,Larimer County,323673,223651,111117,112534,5923,2804,23502,1242,NA,190180,small/mid,West,Mountain,515,22660,2595.774,11151,NA,NA,NA,483,73,394,1,17,118,5,321,269,22,144,43,2,21,1,15,0,NA,NA,NA,758,65,693,NA,50,NA,NA,1,513,402,42,360,FALSE,25,NA,NA,0,286,0,0,0,0,NA,NA,NA,NA,NA,NA,NA,NA,NA,NA,NA,NA
8069,2016,Larimer,8,66561,2623,11.2,201608069,CO,Larimer County,332840,229383,113675,115708,6215,2998,24538,1314,NA,194318,small/mid,West,Mountain,515,22660,2595.774,NA,NA,NA,NA,NA,NA,NA,NA,NA,NA,NA,NA,NA,NA,NA,NA,NA,NA,NA,NA,NA,NA,NA,NA,NA,NA,NA,NA,NA,NA,NA,NA,NA,NA,NA,NA,NA,NA,NA,NA,NA,NA,0,0,0,0,NA,NA,NA,NA,NA,NA,NA,NA,NA,NA,NA,NA
8071,2014,Las Animas,3,39625,3652,17.4,201408071,CO,Las Animas County,14379,9028,4258,4770,102,188,3795,143,NA,4800,rural,West,Mountain,613,NA,4772.938,172,NA,NA,NA,34,7,48,0,2,24,0,31,43,5,16,0,0,0,0,0,0,NA,NA,NA,49,4,45,FALSE,NA,NA,NA,2,10,21,0,21,FALSE,NA,NA,FALSE,4,NA,1,141,480,484,14296,393,21,372,0,3,4,14,100,263,4,5
8071,2015,Las Animas,3,38858,2839,19.3,201508071,CO,Las Animas County,14031,8735,4083,4652,97,198,3703,138,NA,4599,rural,West,Mountain,613,NA,4772.938,172,NA,NA,NA,34,7,48,0,2,24,0,31,43,5,16,0,0,0,0,0,0,NA,NA,NA,45,NA,NA,FALSE,NA,NA,NA,5,10,23,NA,NA,FALSE,NA,NA,NA,8,NA,1,141,480,484,NA,NA,NA,NA,NA,NA,NA,NA,NA,NA,NA,NA
8071,2016,Las Animas,3,38224,3638,21.6,201608071,CO,Las Animas County,14021,8641,3987,4654,108,203,3698,141,NA,4491,rural,West,Mountain,613,NA,4772.938,NA,NA,NA,NA,NA,NA,NA,NA,NA,NA,NA,NA,NA,NA,NA,NA,NA,NA,NA,NA,NA,NA,NA,NA,NA,NA,NA,NA,NA,NA,NA,NA,NA,NA,NA,NA,NA,NA,NA,NA,NA,NA,1,141,480,484,NA,NA,NA,NA,NA,NA,NA,NA,NA,NA,NA,NA
8073,2014,Lincoln,18,41248,4324,18.3,201408073,CO,Lincoln County,5436,3594,1319,2275,44,275,553,36,NA,2686,rural,West,Mountain,153,NA,2577.679,312,NA,NA,NA,32,3,18,0,1,7,0,13,16,0,0,2,0,0,0,2,0,NA,NA,NA,66,6,60,NA,NA,NA,NA,6,47,34,5,29,FALSE,NA,NA,NA,4,23,1,283,945,953,5451,26,4,22,0,0,1,3,3,15,4,0
8073,2015,Lincoln,18,43188,4272,19.4,201508073,CO,Lincoln County,5507,3647,1362,2285,49,275,577,37,NA,2709,rural,West,Mountain,153,NA,2577.679,312,NA,NA,NA,32,3,18,0,1,7,0,13,16,0,0,2,0,0,0,2,0,NA,NA,NA,59,NA,NA,NA,NA,NA,FALSE,3,41,22,NA,NA,FALSE,NA,NA,NA,3,13,1,283,945,953,NA,NA,NA,NA,NA,NA,NA,NA,NA,NA,NA,NA
8073,2016,Lincoln,18,42969,4271,18.1,201608073,CO,Lincoln County,5548,3681,1377,2304,54,283,587,35,NA,2722,rural,West,Mountain,153,NA,2577.679,NA,NA,NA,NA,NA,NA,NA,NA,NA,NA,NA,NA,NA,NA,NA,NA,NA,NA,NA,NA,NA,NA,NA,NA,NA,NA,NA,NA,NA,NA,NA,NA,NA,NA,NA,NA,NA,NA,NA,NA,NA,NA,1,283,945,953,NA,NA,NA,NA,NA,NA,NA,NA,NA,NA,NA,NA
8075,2014,Logan,13,45439,4632,17.7,201408075,CO,Logan County,21680,14746,6098,8648,164,726,2361,136,NA,11359,rural,West,Mountain,571,44540,1838.598,965.8172,NA,NA,NA,90.14294,17.17008,77.26537,0,3.434017,20.6041,NA,68.68034,85.85042,0,8.493119,0,0,8.585042,0,93.42431,0,NA,NA,NA,110,6,104,FALSE,6,NA,NA,3,70,74,7,67,FALSE,4,NA,NA,3,56,1,752,2419,2445,22492,605,69,536,2,26,5,36,82,433,20,1
8075,2015,Logan,13,46306,4123,15.5,201508075,CO,Logan County,21958,14979,6115,8864,178,767,2474,146,NA,11414,rural,West,Mountain,571,44540,1838.598,965.8172,NA,NA,NA,90.14294,17.17008,77.26537,0,3.434017,20.6041,NA,68.68034,85.85042,0,8.493119,0,0,8.585042,0,93.42431,0,NA,NA,NA,97,6,91,FALSE,6,NA,NA,0,65,68,6,62,FALSE,6,NA,NA,0,45,1,752,2419,2445,NA,NA,NA,NA,NA,NA,NA,NA,NA,NA,NA,NA
8075,2016,Logan,13,49407,5217,16.4,201608075,CO,Logan County,21968,14933,6115,8818,186,766,2491,150,NA,11340,rural,West,Mountain,571,44540,1838.598,NA,NA,NA,NA,NA,NA,NA,NA,NA,NA,NA,NA,NA,NA,NA,NA,NA,NA,NA,NA,NA,NA,NA,NA,NA,NA,NA,NA,NA,NA,NA,NA,NA,NA,NA,NA,NA,NA,NA,NA,NA,NA,1,752,2419,2445,NA,NA,NA,NA,NA,NA,NA,NA,NA,NA,NA,NA
8077,2014,Mesa,21,50106,3385,15.4,201408077,CO,Mesa County,147250,95355,47389,47966,1048,968,13009,844,NA,79486,small/mid,West,Mountain,677,24300,3328.939,6352.5,NA,NA,NA,579,96.5,476,1.947368,40.5,78,NA,316.5,270.5,30,159,98.5,0,84.5,0,6,0,NA,NA,NA,919,80,839,NA,42,NA,NA,2,652,420,49,371,NA,25,NA,NA,1,305,0,0,0,0,148670,4458,516,3942,3,110,57,346,542,3139,216,45
8077,2015,Mesa,21,51449,2441,14.1,201508077,CO,Mesa County,147215,94758,47133,47625,1034,969,13226,833,NA,78696,small/mid,West,Mountain,677,24300,3328.939,6560,NA,NA,NA,587,90,496,2,70,82,12,315,275,30,159,181,0,9,0,6,0,NA,NA,NA,891,92,799,NA,36,NA,NA,0,643,412,62,350,NA,14,NA,NA,0,290,0,0,0,0,NA,NA,NA,NA,NA,NA,NA,NA,NA,NA,NA,NA
8077,2016,Mesa,21,49825,3592,15,201608077,CO,Mesa County,148116,94989,47309,47680,1074,1021,13511,863,NA,78520,small/mid,West,Mountain,677,24300,3328.939,NA,NA,NA,NA,NA,NA,NA,NA,NA,NA,NA,NA,NA,NA,NA,NA,NA,NA,NA,NA,NA,NA,NA,NA,NA,NA,NA,NA,NA,NA,NA,NA,NA,NA,NA,NA,NA,NA,NA,NA,NA,NA,0,0,0,0,NA,NA,NA,NA,NA,NA,NA,NA,NA,NA,NA,NA
8079,2014,Mineral,12,51257,4841,8.9,201408079,CO,Mineral County,732,463,225,238,3,3,18,6,NA,433,rural,West,Mountain,264,NA,875.76,37.21764,NA,NA,NA,1.74929,0.3016016,1.568329,0,6.03E-02,1.447688,NA,0.3016016,1.628649,0,0.8443968,6.03E-02,6.50E-02,0,0,0.1206407,0,NA,NA,NA,NA,NA,NA,NA,NA,NA,NA,NA,NA,0,0,0,FALSE,0,FALSE,FALSE,0,0,0,0,0,0,729,2,1,1,0,0,0,1,0,1,0,0
8079,2015,Mineral,12,50481,5035,9.4,201508079,CO,Mineral County,703,429,205,224,3,3,21,6,NA,396,rural,West,Mountain,264,NA,875.76,37.21764,NA,NA,NA,1.74929,0.3016016,1.568329,0,6.03E-02,1.447688,NA,0.3016016,1.628649,0,0.8443968,6.03E-02,6.50E-02,0,0,0.1206407,0,NA,NA,NA,0,0,0,FALSE,0,FALSE,FALSE,0,0,0,0,0,FALSE,0,FALSE,FALSE,0,0,0,0,0,0,NA,NA,NA,NA,NA,NA,NA,NA,NA,NA,NA,NA
8079,2016,Mineral,12,52641,5636,9.3,201608079,CO,Mineral County,743,434,202,232,3,4,27,5,NA,395,rural,West,Mountain,264,NA,875.76,NA,NA,NA,NA,NA,NA,NA,NA,NA,NA,NA,NA,NA,NA,NA,NA,NA,NA,NA,NA,NA,NA,NA,NA,NA,NA,NA,NA,NA,NA,NA,NA,NA,NA,NA,NA,NA,NA,NA,NA,NA,NA,0,0,0,0,NA,NA,NA,NA,NA,NA,NA,NA,NA,NA,NA,NA
8081,2014,Moffat,14,56193,5788,11.2,201408081,CO,Moffat County,13115,8609,4164,4445,75,64,1170,65,NA,7235,rural,West,Mountain,414,18780,4743.244,41,NA,NA,NA,43,8,33,0,2,3,1,35,41,2,28,12,0,39,0,2,0,NA,NA,NA,74,9,65,NA,NA,NA,NA,5,62,50,9,41,FALSE,NA,NA,NA,5,45,1,0,43,45,13009,249,19,230,0,9,0,10,45,176,6,3
8081,2015,Moffat,14,59173,5431,11.7,201508081,CO,Moffat County,12931,8416,4094,4322,73,61,1172,66,NA,7044,rural,West,Mountain,414,18780,4743.244,41,NA,NA,NA,43,8,33,0,2,3,1,35,41,2,28,12,0,39,0,2,0,NA,NA,NA,76,9,67,FALSE,NA,NA,NA,3,66,49,6,43,FALSE,0,NA,NA,3,42,1,0,43,45,NA,NA,NA,NA,NA,NA,NA,NA,NA,NA,NA,NA
8081,2016,Moffat,14,54151,5263,12.9,201608081,CO,Moffat County,12940,8385,4034,4351,72,82,1214,66,NA,6951,rural,West,Mountain,414,18780,4743.244,NA,NA,NA,NA,NA,NA,NA,NA,NA,NA,NA,NA,NA,NA,NA,NA,NA,NA,NA,NA,NA,NA,NA,NA,NA,NA,NA,NA,NA,NA,NA,NA,NA,NA,NA,NA,NA,NA,NA,NA,NA,NA,1,0,43,45,NA,NA,NA,NA,NA,NA,NA,NA,NA,NA,NA,NA
8083,2014,Montezuma,22,44163,3535,16.3,201408083,CO,Montezuma County,25535,15936,8073,7863,126,87,1816,2040,NA,11867,rural,West,Mountain,363,NA,2029.329,0,NA,NA,NA,90,18,74,0,0,0,0,0,38,12,26,3,0,0,0,3,0,NA,NA,NA,79,NA,NA,FALSE,0,NA,NA,0,40,41,5,36,FALSE,NA,NA,NA,1,25,0,0,0,0,25815,532,48,484,0,10,2,36,55,401,26,2
8083,2015,Montezuma,22,42975,4052,19.3,201508083,CO,Montezuma County,25502,15747,8018,7729,123,100,1846,2030,NA,11648,rural,West,Mountain,363,NA,2029.329,0,NA,NA,NA,90,18,74,0,0,0,0,0,38,12,26,3,0,0,0,3,0,NA,NA,NA,82,5,77,FALSE,NA,NA,NA,1,41,38,6,32,FALSE,NA,NA,NA,5,22,0,0,0,0,NA,NA,NA,NA,NA,NA,NA,NA,NA,NA,NA,NA
8083,2016,Montezuma,22,40679,3157,15.1,201608083,CO,Montezuma County,25697,15757,8007,7750,118,104,1893,2070,NA,11572,rural,West,Mountain,363,NA,2029.329,NA,NA,NA,NA,NA,NA,NA,NA,NA,NA,NA,NA,NA,NA,NA,NA,NA,NA,NA,NA,NA,NA,NA,NA,NA,NA,NA,NA,NA,NA,NA,NA,NA,NA,NA,NA,NA,NA,NA,NA,NA,NA,0,0,0,0,NA,NA,NA,NA,NA,NA,NA,NA,NA,NA,NA,NA
8085,2014,Montrose,7,46336,2249,15.5,201408085,CO,Montrose County,40509,24666,12437,12229,231,141,5106,196,NA,18992,rural,West,Mountain,381,33940,2240.946,3128.778,NA,NA,NA,93.14047,17.91163,75.22884,0,2.686744,35.82326,NA,54.63047,63.58628,6.263618,93.95428,10.74698,0.8968922,0.8954777,2.684408,10.74698,10.74698,NA,NA,NA,77,5,72,FALSE,NA,NA,NA,4,56,55,NA,NA,FALSE,NA,NA,NA,2,42,0,0,0,0,39024,1063,64,999,1,9,8,46,177,777,40,5
8085,2015,Montrose,7,46860,4190,17.7,201508085,CO,Montrose County,40553,24451,12379,12072,249,138,5125,191,NA,18748,rural,West,Mountain,381,33940,2240.946,3128.778,NA,NA,NA,93.14047,17.91163,75.22884,0,2.686744,35.82326,NA,54.63047,63.58628,6.263618,93.95428,10.74698,0.8968922,0.8954777,2.684408,10.74698,0,NA,NA,NA,77,NA,NA,FALSE,NA,NA,NA,5,51,50,5,45,FALSE,0,NA,NA,3,27,0,0,0,0,NA,NA,NA,NA,NA,NA,NA,NA,NA,NA,NA,NA
8085,2016,Montrose,7,43285,2893,16.4,201608085,CO,Montrose County,40534,24328,12332,11996,254,151,5176,200,NA,18547,rural,West,Mountain,381,33940,2240.946,NA,NA,NA,NA,NA,NA,NA,NA,NA,NA,NA,NA,NA,NA,NA,NA,NA,NA,NA,NA,NA,NA,NA,NA,NA,NA,NA,NA,NA,NA,NA,NA,NA,NA,NA,NA,NA,NA,NA,NA,NA,NA,0,0,0,0,NA,NA,NA,NA,NA,NA,NA,NA,NA,NA,NA,NA
8087,2014,Morgan,13,47631,3610,13.4,201408087,CO,Morgan County,28169,17705,8749,8956,127,573,6236,91,NA,10678,rural,West,Mountain,579,22820,1280.485,1732,NA,NA,NA,77,4,50,0,1,25,1,27,68,8,60,9,1,7,1,38,0,NA,NA,NA,114,10,104,FALSE,5,NA,NA,1,53,89,14,75,FALSE,NA,NA,FALSE,2,41,1,0,270,300,27728,492,60,432,0,34,1,25,78,317,32,5
8087,2015,Morgan,13,49087,3968,12.1,201508087,CO,Morgan County,28044,17663,8676,8987,134,618,6333,90,NA,10488,rural,West,Mountain,579,22820,1280.485,1732,NA,NA,NA,77,4,50,0,1,25,1,27,68,8,60,9,1,7,1,38,0,NA,NA,NA,103,10,93,FALSE,NA,NA,NA,5,53,65,9,56,FALSE,NA,NA,NA,4,37,1,0,270,300,NA,NA,NA,NA,NA,NA,NA,NA,NA,NA,NA,NA
8087,2016,Morgan,13,49129,4418,11.7,201608087,CO,Morgan County,28145,17690,8649,9041,148,641,6427,106,NA,10368,rural,West,Mountain,579,22820,1280.485,NA,NA,NA,NA,NA,NA,NA,NA,NA,NA,NA,NA,NA,NA,NA,NA,NA,NA,NA,NA,NA,NA,NA,NA,NA,NA,NA,NA,NA,NA,NA,NA,NA,NA,NA,NA,NA,NA,NA,NA,NA,NA,1,0,270,300,NA,NA,NA,NA,NA,NA,NA,NA,NA,NA,NA,NA
8089,2014,Otero,16,33043,3235,26,201408089,CO,Otero County,18479,11234,5612,5622,104,122,4673,104,NA,6231,rural,West,Mountain,159,NA,1262.126,625.7143,NA,NA,NA,48,10,48,0,0,44,0,14,38,2,36,4,0,4,1,0,0,NA,NA,NA,59,5,54,FALSE,NA,NA,NA,5,23,55,6,49,FALSE,NA,NA,NA,3,18,0,0,0,0,18330,439,24,415,0,4,9,11,134,263,16,2
8089,2015,Otero,16,34970,2891,20.6,201508089,CO,Otero County,18368,11175,5589,5586,108,134,4649,98,NA,6186,rural,West,Mountain,159,NA,1262.126,625.7143,NA,NA,NA,48,10,48,0,0,44,0,14,38,2,36,4,0,4,1,0,0,NA,NA,NA,59,9,50,FALSE,0,NA,NA,2,24,47,9,38,FALSE,0,NA,NA,1,17,0,0,0,0,NA,NA,NA,NA,NA,NA,NA,NA,NA,NA,NA,NA
8089,2016,Otero,16,36773,3474,23.6,201608089,CO,Otero County,18212,11032,5520,5512,109,140,4663,101,NA,6019,rural,West,Mountain,159,NA,1262.126,NA,NA,NA,NA,NA,NA,NA,NA,NA,NA,NA,NA,NA,NA,NA,NA,NA,NA,NA,NA,NA,NA,NA,NA,NA,NA,NA,NA,NA,NA,NA,NA,NA,NA,NA,NA,NA,NA,NA,NA,NA,NA,0,0,0,0,NA,NA,NA,NA,NA,NA,NA,NA,NA,NA,NA,NA
8091,2014,Ouray,7,57242,5900,9.6,201408091,CO,Ouray County,4540,2895,1477,1418,24,15,167,12,NA,2677,rural,West,Mountain,381,NA,541.593,364.7936,NA,NA,NA,10.85953,2.088371,8.771158,0,0.3132556,4.176742,NA,6.369531,7.413717,0.7363814,11.04572,1.253023,0.1031078,0.1045223,0.315592,1.253023,1.253023,NA,NA,NA,NA,NA,NA,NA,NA,NA,NA,NA,NA,0,0,0,FALSE,0,FALSE,FALSE,0,0,0,0,0,0,3675,15,3,12,0,1,0,2,4,8,0,0
8091,2015,Ouray,7,60402,5881,9.4,201508091,CO,Ouray County,4560,2857,1448,1409,24,13,181,11,NA,2628,rural,West,Mountain,381,NA,541.593,364.7936,NA,NA,NA,10.85953,2.088371,8.771158,0,0.3132556,4.176742,NA,6.369531,7.413717,0.7363814,11.04572,1.253023,0.1031078,0.1045223,0.315592,1.253023,0,NA,NA,NA,NA,NA,NA,NA,NA,NA,NA,NA,NA,NA,NA,NA,NA,NA,NA,NA,NA,NA,0,0,0,0,NA,NA,NA,NA,NA,NA,NA,NA,NA,NA,NA,NA
8091,2016,Ouray,7,66813,5137,8.8,201608091,CO,Ouray County,4589,2840,1448,1392,27,15,179,13,NA,2606,rural,West,Mountain,381,NA,541.593,NA,NA,NA,NA,NA,NA,NA,NA,NA,NA,NA,NA,NA,NA,NA,NA,NA,NA,NA,NA,NA,NA,NA,NA,NA,NA,NA,NA,NA,NA,NA,NA,NA,NA,NA,NA,NA,NA,NA,NA,NA,NA,0,0,0,0,NA,NA,NA,NA,NA,NA,NA,NA,NA,NA,NA,NA
8093,2014,Park,11,58487,5095,9.4,201408093,CO,Park County,16168,11471,5451,6020,105,99,602,108,NA,10557,suburban,West,Mountain,5,19740,2193.903,804,NA,NA,NA,110,20,84,0,2,3,5,92,8,0,16,92,0,1,0,1,0,NA,NA,NA,25,NA,NA,NA,0,FALSE,FALSE,1,24,12,NA,NA,FALSE,0,FALSE,FALSE,0,12,0,0,0,0,16176,68,20,48,0,2,0,18,21,24,3,0
8093,2015,Park,11,63319,5072,9.2,201508093,CO,Park County,16364,11440,5447,5993,118,100,647,117,NA,10458,suburban,West,Mountain,5,19740,2193.903,804,NA,NA,NA,110,20,84,0,2,3,5,92,8,0,16,92,0,1,0,1,0,NA,NA,NA,24,NA,NA,NA,0,FALSE,FALSE,1,23,7,0,7,FALSE,0,FALSE,FALSE,0,7,0,0,0,0,NA,NA,NA,NA,NA,NA,NA,NA,NA,NA,NA,NA
8093,2016,Park,11,68535,6749,9.2,201608093,CO,Park County,16715,11467,5432,6035,115,100,653,108,NA,10491,suburban,West,Mountain,5,19740,2193.903,NA,NA,NA,NA,NA,NA,NA,NA,NA,NA,NA,NA,NA,NA,NA,NA,NA,NA,NA,NA,NA,NA,NA,NA,NA,NA,NA,NA,NA,NA,NA,NA,NA,NA,NA,NA,NA,NA,NA,NA,NA,NA,0,0,0,0,NA,NA,NA,NA,NA,NA,NA,NA,NA,NA,NA,NA
8095,2014,Phillips,13,47006,4708,11.5,201408095,CO,Phillips County,4363,2543,1257,1286,20,19,507,11,NA,1986,rural,West,Mountain,571,NA,687.928,159.1828,NA,NA,NA,14.85706,2.829917,12.73463,0,0.5659834,3.3959,NA,11.31967,14.14958,0,1.506881,0,0,1.414958,0,16.57569,0,NA,NA,NA,9,NA,NA,FALSE,0,NA,FALSE,3,6,NA,NA,NA,NA,NA,NA,NA,NA,NA,0,0,0,0,4356,34,7,27,0,4,0,3,9,16,2,0
8095,2015,Phillips,13,48562,4650,11.1,201508095,CO,Phillips County,4382,2571,1262,1309,19,23,535,13,NA,1981,rural,West,Mountain,571,NA,687.928,159.1828,NA,NA,NA,14.85706,2.829917,12.73463,0,0.5659834,3.3959,NA,11.31967,14.14958,0,1.506881,0,0,1.414958,0,16.57569,0,NA,NA,NA,13,NA,NA,FALSE,0,NA,FALSE,3,10,9,NA,NA,FALSE,0,FALSE,FALSE,0,9,0,0,0,0,NA,NA,NA,NA,NA,NA,NA,NA,NA,NA,NA,NA
8095,2016,Phillips,13,49046,5149,11.5,201608095,CO,Phillips County,4315,2510,1243,1267,20,24,519,14,NA,1933,rural,West,Mountain,571,NA,687.928,NA,NA,NA,NA,NA,NA,NA,NA,NA,NA,NA,NA,NA,NA,NA,NA,NA,NA,NA,NA,NA,NA,NA,NA,NA,NA,NA,NA,NA,NA,NA,NA,NA,NA,NA,NA,NA,NA,NA,NA,NA,NA,0,0,0,0,NA,NA,NA,NA,NA,NA,NA,NA,NA,NA,NA,NA
8097,2014,Pitkin,9,73274,7823,7,201408097,CO,Pitkin County,17425,12439,5847,6592,219,151,1279,35,NA,10755,rural,West,Mountain,183,24060,970.701,684,NA,NA,NA,16,1,6,0,0,2,0,5,3,0,5,1,0,0,0,0,0,NA,NA,NA,14,0,14,FALSE,NA,NA,NA,2,6,8,0,8,FALSE,NA,NA,FALSE,3,NA,0,0,0,0,17536,396,11,385,1,4,0,6,22,351,12,0
8097,2015,Pitkin,9,76663,7200,7,201508097,CO,Pitkin County,17664,12539,6025,6514,231,144,1319,31,NA,10814,rural,West,Mountain,183,24060,970.701,684,NA,NA,NA,16,1,6,0,0,2,0,5,3,0,5,1,0,0,0,0,0,NA,NA,NA,15,0,15,FALSE,NA,NA,FALSE,2,8,5,0,5,FALSE,NA,NA,FALSE,5,NA,0,0,0,0,NA,NA,NA,NA,NA,NA,NA,NA,NA,NA,NA,NA
8097,2016,Pitkin,9,74576,6536,6.9,201608097,CO,Pitkin County,17862,12638,6071,6567,252,163,1336,29,NA,10858,rural,West,Mountain,183,24060,970.701,NA,NA,NA,NA,NA,NA,NA,NA,NA,NA,NA,NA,NA,NA,NA,NA,NA,NA,NA,NA,NA,NA,NA,NA,NA,NA,NA,NA,NA,NA,NA,NA,NA,NA,NA,NA,NA,NA,NA,NA,NA,NA,0,0,0,0,NA,NA,NA,NA,NA,NA,NA,NA,NA,NA,NA,NA
8099,2014,Prowers,15,39184,4040,20.9,201408099,CO,Prowers County,12331,7699,3821,3878,35,85,2746,58,NA,4775,rural,West,Mountain,500,NA,1638.397,1139.364,NA,NA,NA,41.46418,1.802791,26.14046,0,0,8.112557,0,19.8307,14.42232,0,0,0.9046386,0,2.704186,0,1.809277,0,NA,NA,NA,45,NA,NA,FALSE,0,NA,NA,2,25,41,4,37,FALSE,0,NA,NA,2,23,0,0,0,0,12293,254,7,247,0,0,0,7,40,198,9,0
8099,2015,Prowers,15,41348,2612,19.6,201508099,CO,Prowers County,12075,7526,3734,3792,36,82,2726,53,NA,4629,rural,West,Mountain,500,NA,1638.397,1139.364,NA,NA,NA,41.46418,1.802791,26.14046,0,0,8.112557,0,19.8307,14.42232,0,0,0.9046386,0,2.704186,0,1.809277,0,NA,NA,NA,44,5,39,FALSE,NA,NA,NA,4,20,38,8,30,FALSE,NA,NA,NA,2,19,0,0,0,0,NA,NA,NA,NA,NA,NA,NA,NA,NA,NA,NA,NA
8099,2016,Prowers,15,40164,4076,20.9,201608099,CO,Prowers County,11953,7417,3663,3754,42,94,2712,54,NA,4515,rural,West,Mountain,500,NA,1638.397,NA,NA,NA,NA,NA,NA,NA,NA,NA,NA,NA,NA,NA,NA,NA,NA,NA,NA,NA,NA,NA,NA,NA,NA,NA,NA,NA,NA,NA,NA,NA,NA,NA,NA,NA,NA,NA,NA,NA,NA,NA,NA,0,0,0,0,NA,NA,NA,NA,NA,NA,NA,NA,NA,NA,NA,NA
8101,2014,Pueblo,10,41382,2334,19,201408101,CO,Pueblo County,161070,103083,51864,51219,1111,2214,43395,901,NA,55462,small/mid,West,Mountain,159,39380,2386.146,9385.714,NA,NA,NA,603,157,475,0,49,257,11,315,476,55,246,81,1,5,4,8,0,NA,NA,NA,1053,143,910,NA,50,NA,NA,3,342,603,104,499,FALSE,29,NA,NA,0,208,7,502,891,1221,162854,9312,940,8372,10,159,189,582,2249,5357,730,36
8101,2015,Pueblo,10,40540,1754,19.8,201508101,CO,Pueblo County,161419,102922,51771,51151,1109,2215,43843,892,NA,54863,small/mid,West,Mountain,159,39380,2386.146,9385.714,NA,NA,NA,603,157,475,0,49,257,11,315,476,55,246,81,1,5,4,8,0,NA,NA,NA,874,116,758,NA,43,NA,NA,3,268,513,103,410,FALSE,32,NA,NA,0,181,7,502,891,1221,NA,NA,NA,NA,NA,NA,NA,NA,NA,NA,NA,NA
8101,2016,Pueblo,10,44644,2886,19.9,201608101,CO,Pueblo County,163043,103665,52165,51500,1111,2277,44520,903,NA,54854,small/mid,West,Mountain,159,39380,2386.146,NA,NA,NA,NA,NA,NA,NA,NA,NA,NA,NA,NA,NA,NA,NA,NA,NA,NA,NA,NA,NA,NA,NA,NA,NA,NA,NA,NA,NA,NA,NA,NA,NA,NA,NA,NA,NA,NA,NA,NA,NA,NA,7,502,891,1221,NA,NA,NA,NA,NA,NA,NA,NA,NA,NA,NA,NA
8103,2014,Rio Blanco,9,63184,5772,10.9,201408103,CO,Rio Blanco County,6732,4446,2149,2297,32,84,455,52,NA,3823,rural,West,Mountain,414,NA,3220.971,347,NA,NA,NA,11.5,2.3,12.5,0,1,1,0,11.5,10,5,4,1,0,1,1,0,0,NA,NA,NA,12,NA,NA,FALSE,0,NA,NA,4,8,8,NA,NA,FALSE,0,NA,FALSE,2,6,0,0,0,0,6889,79,7,72,0,2,0,5,4,63,5,0
8103,2015,Rio Blanco,9,61426,6002,9.7,201508103,CO,Rio Blanco County,6636,4359,2099,2260,35,90,460,53,NA,3721,rural,West,Mountain,414,NA,3220.971,313,NA,NA,NA,12,2,15,0,1,1,1,15,12,5,4,1,0,1,1,0,0,NA,NA,NA,13,0,13,FALSE,0,NA,NA,5,8,9,0,9,FALSE,0,NA,NA,2,7,0,0,0,0,NA,NA,NA,NA,NA,NA,NA,NA,NA,NA,NA,NA
8103,2016,Rio Blanco,9,58980,6448,9.5,201608103,CO,Rio Blanco County,6515,4260,2061,2199,36,87,446,60,NA,3631,rural,West,Mountain,414,NA,3220.971,NA,NA,NA,NA,NA,NA,NA,NA,NA,NA,NA,NA,NA,NA,NA,NA,NA,NA,NA,NA,NA,NA,NA,NA,NA,NA,NA,NA,NA,NA,NA,NA,NA,NA,NA,NA,NA,NA,NA,NA,NA,NA,0,0,0,0,NA,NA,NA,NA,NA,NA,NA,NA,NA,NA,NA,NA
8105,2014,Rio Grande,12,40593,4059,18.3,201408105,CO,Rio Grande County,11676,7254,3634,3620,33,43,3300,75,NA,3803,rural,West,Mountain,264,NA,911.956,579.7823,NA,NA,NA,27.25071,4.698398,24.43167,0,0.9396797,22.55231,NA,4.698398,25.37135,0,12.1556,0.9396797,0.9350464,0,0,1.879359,0,NA,NA,NA,35,NA,NA,FALSE,0,NA,FALSE,0,7,20,4,16,FALSE,0,NA,NA,1,5,0,0,0,0,11817,201,19,182,1,1,3,14,87,92,3,0
8105,2015,Rio Grande,12,40259,4032,17.2,201508105,CO,Rio Grande County,11498,7117,3569,3548,36,59,3276,82,NA,3664,rural,West,Mountain,264,NA,911.956,579.7823,NA,NA,NA,27.25071,4.698398,24.43167,0,0.9396797,22.55231,NA,4.698398,25.37135,0,12.1556,0.9396797,0.9350464,0,0,1.879359,0,NA,NA,NA,27,NA,NA,FALSE,0,NA,NA,1,6,11,NA,NA,FALSE,0,NA,NA,3,NA,0,0,0,0,NA,NA,NA,NA,NA,NA,NA,NA,NA,NA,NA,NA
8105,2016,Rio Grande,12,41128,4350,17.5,201608105,CO,Rio Grande County,11338,7007,3507,3500,39,52,3258,89,NA,3569,rural,West,Mountain,264,NA,911.956,NA,NA,NA,NA,NA,NA,NA,NA,NA,NA,NA,NA,NA,NA,NA,NA,NA,NA,NA,NA,NA,NA,NA,NA,NA,NA,NA,NA,NA,NA,NA,NA,NA,NA,NA,NA,NA,NA,NA,NA,NA,NA,0,0,0,0,NA,NA,NA,NA,NA,NA,NA,NA,NA,NA,NA,NA
8107,2014,Routt,14,66846,5246,8.4,201408107,CO,Routt County,23569,17159,8067,9092,143,138,1129,69,NA,15680,rural,West,Mountain,414,44460,2362.02,908,NA,NA,NA,21,6,24,0,0,2,0,27,23,4,42,3,0,1,0,0,0,NA,NA,NA,33,6,27,FALSE,0,NA,NA,1,28,19,4,15,FALSE,0,NA,FALSE,1,18,0,0,0,0,22795,425,32,393,0,5,3,24,46,321,22,4
8107,2015,Routt,14,70989,5959,8.9,201508107,CO,Routt County,24019,17334,8165,9169,169,162,1128,70,NA,15805,rural,West,Mountain,414,44460,2362.02,908,NA,NA,NA,21,6,24,0,0,2,0,27,23,4,42,3,0,1,0,0,0,NA,NA,NA,26,5,21,FALSE,0,NA,NA,4,22,7,0,7,FALSE,0,NA,FALSE,1,6,0,0,0,0,NA,NA,NA,NA,NA,NA,NA,NA,NA,NA,NA,NA
8107,2016,Routt,14,71322,6841,7.2,201608107,CO,Routt County,24310,17406,8235,9171,150,173,1171,77,NA,15835,rural,West,Mountain,414,44460,2362.02,NA,NA,NA,NA,NA,NA,NA,NA,NA,NA,NA,NA,NA,NA,NA,NA,NA,NA,NA,NA,NA,NA,NA,NA,NA,NA,NA,NA,NA,NA,NA,NA,NA,NA,NA,NA,NA,NA,NA,NA,NA,NA,0,0,0,0,NA,NA,NA,NA,NA,NA,NA,NA,NA,NA,NA,NA
8109,2014,Saguache,12,31227,3304,29.9,201408109,CO,Saguache County,6232,3912,1935,1977,37,26,1505,53,NA,2291,rural,West,Mountain,264,NA,3168.566,237,NA,NA,NA,16,2,9,0,0,6,1,2,8,2,4,0,0,3,0,3,0,NA,NA,NA,15,0,15,FALSE,0,NA,FALSE,0,11,7,0,7,FALSE,0,NA,FALSE,2,5,0,0,0,0,6263,85,8,77,0,0,1,7,21,50,5,1
8109,2015,Saguache,12,34209,3381,29.6,201508109,CO,Saguache County,6186,3835,1904,1931,32,32,1474,55,NA,2242,rural,West,Mountain,264,NA,3168.566,237,NA,NA,NA,16,2,9,0,0,6,1,2,8,2,4,0,0,3,0,3,0,NA,NA,NA,18,0,18,FALSE,0,NA,FALSE,0,11,9,NA,NA,FALSE,0,NA,FALSE,2,NA,0,0,0,0,NA,NA,NA,NA,NA,NA,NA,NA,NA,NA,NA,NA
8109,2016,Saguache,12,33973,3300,27.6,201608109,CO,Saguache County,6239,3805,1915,1890,33,37,1436,61,NA,2238,rural,West,Mountain,264,NA,3168.566,NA,NA,NA,NA,NA,NA,NA,NA,NA,NA,NA,NA,NA,NA,NA,NA,NA,NA,NA,NA,NA,NA,NA,NA,NA,NA,NA,NA,NA,NA,NA,NA,NA,NA,NA,NA,NA,NA,NA,NA,NA,NA,0,0,0,0,NA,NA,NA,NA,NA,NA,NA,NA,NA,NA,NA,NA
8111,2014,San Juan,6,40006,4081,15.5,201408111,CO,San Juan County,691,485,220,265,4,1,73,5,NA,402,rural,West,Mountain,423,NA,387.516,36.07495,NA,NA,NA,1.476147,0.3496136,1.074738,0,5.18E-02,0.1424352,NA,0.9323031,1.012185,0.1598186,0.8523661,0.1331822,0,0,0,9.32E-02,0,NA,NA,NA,NA,NA,NA,NA,NA,NA,NA,NA,NA,NA,NA,NA,NA,NA,NA,NA,NA,NA,0,0,0,0,692,18,1,17,1,0,0,0,4,13,0,0
8111,2015,San Juan,6,43489,3005,15.6,201508111,CO,San Juan County,711,483,218,265,7,2,72,4,NA,398,rural,West,Mountain,423,NA,387.516,36.07495,NA,NA,NA,1.476147,0.3496136,1.074738,0,5.18E-02,0.1424352,NA,0.9323031,1.012185,0.1598186,0.8523661,0.1331822,0,0,0,9.32E-02,0,NA,NA,NA,NA,NA,NA,NA,NA,NA,NA,NA,NA,NA,NA,NA,NA,NA,NA,NA,NA,NA,0,0,0,0,NA,NA,NA,NA,NA,NA,NA,NA,NA,NA,NA,NA
8111,2016,San Juan,6,44652,4853,15.5,201608111,CO,San Juan County,688,459,203,256,6,3,74,1,NA,375,rural,West,Mountain,423,NA,387.516,NA,NA,NA,NA,NA,NA,NA,NA,NA,NA,NA,NA,NA,NA,NA,NA,NA,NA,NA,NA,NA,NA,NA,NA,NA,NA,NA,NA,NA,NA,NA,NA,NA,NA,NA,NA,NA,NA,NA,NA,NA,NA,0,0,0,0,NA,NA,NA,NA,NA,NA,NA,NA,NA,NA,NA,NA
8113,2014,San Miguel,7,59603,5918,9.9,201408113,CO,San Miguel County,7598,5609,2621,2988,62,39,490,27,NA,4991,rural,West,Mountain,381,NA,1286.726,221,NA,NA,NA,9,1,8,0,0,0,0,9,7,0,0,0,0,0,0,0,0,NA,NA,NA,12,NA,NA,FALSE,0,NA,FALSE,0,7,6,0,6,FALSE,0,NA,FALSE,1,5,0,0,0,0,7806,100,9,91,0,2,0,7,10,79,2,0
8113,2015,San Miguel,7,62793,6454,11,201508113,CO,San Miguel County,7704,5657,2645,3012,60,45,492,34,NA,5026,rural,West,Mountain,381,NA,1286.726,221,NA,NA,NA,9,1,8,0,0,0,0,9,7,0,0,0,0,0,0,0,0,NA,NA,NA,9,NA,NA,FALSE,0,NA,FALSE,0,5,NA,NA,NA,NA,NA,NA,NA,NA,NA,0,0,0,0,NA,NA,NA,NA,NA,NA,NA,NA,NA,NA,NA,NA
8113,2016,San Miguel,7,67251,6402,10.1,201608113,CO,San Miguel County,7785,5660,2643,3017,59,52,552,33,NA,4964,rural,West,Mountain,381,NA,1286.726,NA,NA,NA,NA,NA,NA,NA,NA,NA,NA,NA,NA,NA,NA,NA,NA,NA,NA,NA,NA,NA,NA,NA,NA,NA,NA,NA,NA,NA,NA,NA,NA,NA,NA,NA,NA,NA,NA,NA,NA,NA,NA,0,0,0,0,NA,NA,NA,NA,NA,NA,NA,NA,NA,NA,NA,NA
8115,2014,Sedgwick,13,44562,3657,13.9,201408115,CO,Sedgwick County,2335,1393,675,718,11,15,218,9,NA,1140,rural,West,Mountain,571,NA,548.041,12,NA,NA,NA,2,0,3,0,0,0,0,3,0,0,0,0,0,0,0,0,0,NA,NA,NA,6,0,6,FALSE,0,NA,FALSE,2,4,5,NA,NA,FALSE,0,NA,FALSE,1,4,0,0,0,0,2370,30,8,22,0,1,0,7,6,16,0,0
8115,2015,Sedgwick,13,40325,4162,13.6,201508115,CO,Sedgwick County,2329,1373,670,703,11,15,217,10,NA,1120,rural,West,Mountain,571,NA,548.041,12,NA,NA,NA,2,0,3,0,0,0,0,3,0,0,0,0,0,0,0,0,0,NA,NA,NA,NA,NA,NA,NA,NA,NA,NA,NA,NA,NA,NA,NA,NA,NA,NA,NA,NA,NA,0,0,0,0,NA,NA,NA,NA,NA,NA,NA,NA,NA,NA,NA,NA
8115,2016,Sedgwick,13,42518,3923,14.8,201608115,CO,Sedgwick County,2370,1390,691,699,12,19,220,11,NA,1128,rural,West,Mountain,571,NA,548.041,NA,NA,NA,NA,NA,NA,NA,NA,NA,NA,NA,NA,NA,NA,NA,NA,NA,NA,NA,NA,NA,NA,NA,NA,NA,NA,NA,NA,NA,NA,NA,NA,NA,NA,NA,NA,NA,NA,NA,NA,NA,NA,0,0,0,0,NA,NA,NA,NA,NA,NA,NA,NA,NA,NA,NA,NA
8117,2014,Summit,5,68352,6745,9.7,201408117,CO,Summit County,28655,21638,9764,11874,228,220,2775,64,NA,18351,rural,West,Mountain,183,14720,608.339,1298,NA,NA,NA,37,4,40,0,1,10,0,33,24,3,16,2,0,7,1,4,0,NA,NA,NA,47,NA,NA,NA,NA,NA,NA,5,33,25,NA,NA,FALSE,NA,NA,NA,2,19,0,0,0,0,28965,781,39,742,1,23,2,13,72,638,28,4
8117,2015,Summit,5,69633,5536,8.7,201508117,CO,Summit County,29186,21867,9893,11974,224,219,2806,69,NA,18549,rural,West,Mountain,183,14720,608.339,1298,NA,NA,NA,37,4,40,0,1,10,0,33,24,3,16,2,0,7,1,4,0,NA,NA,NA,41,4,37,NA,NA,NA,NA,5,30,18,NA,NA,FALSE,NA,NA,FALSE,3,15,0,0,0,0,NA,NA,NA,NA,NA,NA,NA,NA,NA,NA,NA,NA
8117,2016,Summit,5,70265,6668,7.9,201608117,CO,Summit County,29852,22336,10151,12185,256,246,2880,61,NA,18893,rural,West,Mountain,183,14720,608.339,NA,NA,NA,NA,NA,NA,NA,NA,NA,NA,NA,NA,NA,NA,NA,NA,NA,NA,NA,NA,NA,NA,NA,NA,NA,NA,NA,NA,NA,NA,NA,NA,NA,NA,NA,NA,NA,NA,NA,NA,NA,NA,0,0,0,0,NA,NA,NA,NA,NA,NA,NA,NA,NA,NA,NA,NA
8119,2014,Teller,4,62380,6344,9.5,201408119,CO,Teller County,23351,15905,7922,7983,146,140,912,158,NA,14549,small/mid,West,Mountain,153,17820,557.043,1616.429,NA,NA,NA,81,9,51,2,1,18,2,36,46,4,47,19,2,4.666667,3.666667,18,18,NA,NA,NA,62,13,49,NA,4,NA,NA,3,50,43,12,31,NA,NA,NA,NA,4,34,0,0,0,0,23362,364,71,293,0,9,1,61,42,231,16,4
8119,2015,Teller,4,66191,5825,8.8,201508119,CO,Teller County,23431,15703,7833,7870,172,154,947,162,NA,14268,small/mid,West,Mountain,153,17820,557.043,1799,NA,NA,NA,54,34,43,1,3,18,2,55,58,4,47,1,2,6,5,19,18,NA,NA,NA,73,11,62,FALSE,5,NA,FALSE,0,58,60,7,53,FALSE,NA,NA,FALSE,3,48,0,0,0,0,NA,NA,NA,NA,NA,NA,NA,NA,NA,NA,NA,NA
8119,2016,Teller,4,63966,6286,9.5,201608119,CO,Teller County,23377,15489,7705,7784,167,172,1011,165,NA,13974,small/mid,West,Mountain,153,17820,557.043,NA,NA,NA,NA,NA,NA,NA,NA,NA,NA,NA,NA,NA,NA,NA,NA,NA,NA,NA,NA,NA,NA,NA,NA,NA,NA,NA,NA,NA,NA,NA,NA,NA,NA,NA,NA,NA,NA,NA,NA,NA,NA,0,0,0,0,NA,NA,NA,NA,NA,NA,NA,NA,NA,NA,NA,NA
8121,2014,Washington,13,45784,4577,11.4,201408121,CO,Washington County,4743,2951,1390,1561,7,42,291,4,NA,2607,rural,West,Mountain,579,NA,2518.084,2346.429,NA,NA,NA,182,31,137,4,20,80,5,40,20,1,7,164,0,11,0,4,0,NA,NA,NA,10,0,10,FALSE,NA,NA,FALSE,5,5,5,0,5,FALSE,0,FALSE,FALSE,0,5,0,0,0,0,4830,50,6,44,0,0,1,5,15,27,2,0
8121,2015,Washington,13,47592,4830,11.4,201508121,CO,Washington County,4732,2915,1365,1550,9,37,292,7,NA,2570,rural,West,Mountain,579,NA,2518.084,2346.429,NA,NA,NA,182,31,137,0,20,80,5,40,20,1,7,164,0,11,0,4,0,NA,NA,NA,13,0,13,FALSE,NA,NA,FALSE,5,8,6,0,6,FALSE,NA,NA,FALSE,2,4,0,0,0,0,NA,NA,NA,NA,NA,NA,NA,NA,NA,NA,NA,NA
8121,2016,Washington,13,46304,4664,14.3,201608121,CO,Washington County,4787,2954,1388,1566,8,47,289,6,NA,2604,rural,West,Mountain,579,NA,2518.084,NA,NA,NA,NA,NA,NA,NA,NA,NA,NA,NA,NA,NA,NA,NA,NA,NA,NA,NA,NA,NA,NA,NA,NA,NA,NA,NA,NA,NA,NA,NA,NA,NA,NA,NA,NA,NA,NA,NA,NA,NA,NA,0,0,0,0,NA,NA,NA,NA,NA,NA,NA,NA,NA,NA,NA,NA
8123,2014,Weld,19,61501,2658,10.5,201408123,CO,Weld County,269804,179011,88541,90470,2880,2201,48798,1371,NA,123761,small/mid,West,Mountain,515,24540,3986.005,11836.43,NA,NA,NA,747,134,667,2,23,372,3,399,357,60,414,5,2,23,14,23,23,NA,NA,NA,1097,120,977,NA,39,NA,NA,0,458,633,97,536,NA,21,NA,NA,0,282,1,0,137,125,274354,6405,795,5610,5,122,78,590,955,4251,362,42
8123,2015,Weld,19,69434,2181,11.3,201508123,CO,Weld County,275584,182092,90219,91873,3096,2321,50448,1214,NA,125013,small/mid,West,Mountain,515,24540,3986.005,10531,NA,NA,NA,618,99,568,3,28,296,8,329,315,60,414,59,2,322,295,4,4,NA,NA,NA,1059,111,948,NA,36,NA,NA,0,436,645,85,560,NA,27,NA,NA,3,290,1,0,137,125,NA,NA,NA,NA,NA,NA,NA,NA,NA,NA,NA,NA
8123,2016,Weld,19,63609,2759,11.5,201608123,CO,Weld County,284382,187829,92804,95025,3285,2546,52725,1243,NA,128030,small/mid,West,Mountain,515,24540,3986.005,NA,NA,NA,NA,NA,NA,NA,NA,NA,NA,NA,NA,NA,NA,NA,NA,NA,NA,NA,NA,NA,NA,NA,NA,NA,NA,NA,NA,NA,NA,NA,NA,NA,NA,NA,NA,NA,NA,NA,NA,NA,NA,1,0,137,125,NA,NA,NA,NA,NA,NA,NA,NA,NA,NA,NA,NA
8125,2014,Yuma,13,46838,4701,14,201408125,CO,Yuma County,10112,6152,2982,3170,21,25,1348,29,NA,4729,rural,West,Mountain,579,NA,2364.398,573.5714,NA,NA,NA,25,4,22,0,1,9,1,15,15,1,18,2,0,2,1,5,0,NA,NA,NA,26,0,26,FALSE,NA,NA,FALSE,3,16,11,NA,NA,FALSE,NA,NA,FALSE,3,8,0,0,0,0,10241,55,1,54,0,0,0,1,16,36,2,0
8125,2015,Yuma,13,48934,4861,14.1,201508125,CO,Yuma County,10175,6178,2992,3186,25,27,1387,29,NA,4710,rural,West,Mountain,579,NA,2364.398,573.5714,NA,NA,NA,25,4,22,0,1,9,1,15,15,1,18,2,0,2,1,5,0,NA,NA,NA,23,NA,NA,FALSE,NA,NA,FALSE,1,14,12,NA,NA,FALSE,0,NA,FALSE,3,9,0,0,0,0,NA,NA,NA,NA,NA,NA,NA,NA,NA,NA,NA,NA
8125,2016,Yuma,13,48963,4978,12.3,201608125,CO,Yuma County,10064,6067,2938,3129,20,35,1434,31,NA,4547,rural,West,Mountain,579,NA,2364.398,NA,NA,NA,NA,NA,NA,NA,NA,NA,NA,NA,NA,NA,NA,NA,NA,NA,NA,NA,NA,NA,NA,NA,NA,NA,NA,NA,NA,NA,NA,NA,NA,NA,NA,NA,NA,NA,NA,NA,NA,NA,NA,0,0,0,0,NA,NA,NA,NA,NA,NA,NA,NA,NA,NA,NA,NA
8031,2014,Denver,2,54872,1823,15.9,201408031,CO,Denver County,648049,459774,226183,233591,18590,43794,131163,3428,NA,262799,urban,West,Mountain,5,19740,153.305,35248.57,NA,NA,NA,2188,265,1681,14,502,640,23,757,1245,175,1455,178,6,119,24.5,10,8,NA,NA,NA,3904,290,3614,NA,1391,NA,NA,0,862,1758,180,1578,NA,615,NA,NA,0,438,11,699,2037,2216,665353,26791,4004,22787,31,471,1088,2414,4590,14606,3453,138
8031,2015,Denver,2,57886,2435,15.7,201508031,CO,Denver County,663271,470306,231258,239048,19366,44483,134479,3485,NA,268493,urban,West,Mountain,5,19740,153.305,34679,NA,NA,NA,2017,277,1661,10,544,607,21,746,1345,175,1455,52,6,590,22,58,36,NA,NA,NA,3656,255,3401,NA,1288,NA,NA,0,840,1513,147,1366,NA,555,NA,NA,0,394,11,699,2037,2216,NA,NA,NA,NA,NA,NA,NA,NA,NA,NA,NA,NA
8031,2016,Denver,2,61038,1375,14,201608031,CO,Denver County,681618,484562,237646,246916,20103,45341,137506,3505,NA,278107,urban,West,Mountain,5,19740,153.305,NA,NA,NA,NA,NA,NA,NA,NA,NA,NA,NA,NA,NA,NA,NA,NA,NA,NA,NA,NA,NA,NA,NA,NA,NA,NA,NA,NA,NA,NA,NA,NA,NA,NA,NA,NA,NA,NA,NA,NA,NA,NA,11,699,2037,2216,NA,NA,NA,NA,NA,NA,NA,NA,NA,NA,NA,NA